section,field1,field2,field3,field4,field5,field6,field7,field8,field9,field10
destination,"Cape Town","South Africa",-33.9249,18.4241,"Iconic city at the tip of Africa.",/uploads/destinations/dest_58.jpg,,,,
destination,Johannesburg,"South Africa",-26.2041,28.0473,"South Africa's largest city.",/uploads/destinations/dest_26.jpg,,,,
destination,Paris,France,48.8566,2.3522,"The City of Light.",/uploads/destinations/dest_33.jpg,,,,
destination,Tokyo,Japan,35.6762,139.6503,"Dazzling metropolis.",/uploads/destinations/dest_45.jpg,,,,
destination,London,"United Kingdom",51.5074,-0.1278,"Historic capital.",/uploads/destinations/dest_43.jpg,,,,
destination,"New York","United States",40.7128,-74.0060,"The city that never sleeps.",/uploads/destinations/dest_52.jpg,,,,
destination,Rome,Italy,41.9028,12.4964,"The Eternal City.",/uploads/destinations/dest_26.jpg,,,,
destination,Sydney,Australia,-33.8688,151.2093,"Stunning harbour city.",/uploads/destinations/dest_58.jpg,,,,
destination,Dubai,"United Arab Emirates",25.2048,55.2708,"Futuristic desert city.",/uploads/destinations/dest_36.jpg,,,,
destination,Bangkok,Thailand,13.7563,100.5018,"Exotic Thai capital.",/uploads/destinations/dest_23.jpg,,,,
destination,Barcelona,Spain,41.3851,2.1734,"Gaudi architecture and beaches.",/uploads/destinations/dest_40.jpg,,,,
destination,Madrid,Spain,40.4168,-3.7038,"Heart of Spanish culture.",/uploads/destinations/dest_7.jpg,,,,
destination,Berlin,Germany,52.5200,13.4050,"Vibrant history and nightlife.",/uploads/destinations/dest_45.jpg,,,,
destination,Munich,Germany,48.1351,11.5820,"Bavarian charm and beer gardens.",/uploads/destinations/dest_41.jpg,,,,
destination,Amsterdam,Netherlands,52.3676,4.9041,"Canals, bikes, and museums.",/uploads/destinations/dest_86.jpg,,,,
destination,Vienna,Austria,48.2082,16.3738,"Imperial palaces and classical music.",/uploads/destinations/dest_63.jpg,,,,
destination,Prague,"Czech Republic",50.0755,14.4378,"The City of a Hundred Spires.",/uploads/destinations/dest_8.jpg,,,,
destination,Budapest,Hungary,47.4979,19.0402,"Thermal baths on the Danube.",/uploads/destinations/dest_81.jpg,,,,
destination,Athens,Greece,37.9838,23.7275,"Birthplace of Western civilization.",/uploads/destinations/dest_66.jpg,,,,
destination,Istanbul,Turkey,41.0082,28.9784,"Where East meets West.",/uploads/destinations/dest_13.jpg,,,,
destination,"Rio de Janeiro",Brazil,-22.9068,-43.1729,"Christ the Redeemer and Copacabana.",/uploads/destinations/dest_56.jpg,,,,
destination,"Buenos Aires",Argentina,-34.6037,-58.3816,"The Paris of South America.",/uploads/destinations/dest_34.jpg,,,,
destination,Lima,Peru,-12.0464,-77.0428,"Gastronomic capital of the Americas.",/uploads/destinations/dest_78.jpg,,,,
destination,Bogota,Colombia,4.7110,-74.0721,"Vibrant Andean metropolis.",/uploads/destinations/dest_26.jpg,,,,
destination,"Mexico City",Mexico,19.4326,-99.1332,"Ancient ruins and modern art.",/uploads/destinations/dest_53.jpg,,,,
destination,Toronto,Canada,43.6532,-79.3832,"Multicultural hub of Canada.",/uploads/destinations/dest_98.jpg,,,,
destination,Vancouver,Canada,49.2827,-123.1207,"Mountains meeting the ocean.",/uploads/destinations/dest_78.jpg,,,,
destination,"Los Angeles","United States",34.0522,-118.2437,"Hollywood and sunshine.",/uploads/destinations/dest_64.jpg,,,,
destination,"San Francisco","United States",37.7749,-122.4194,"Golden Gate and tech hub.",/uploads/destinations/dest_90.jpg,,,,
destination,Miami,"United States",25.7617,-80.1918,"Art Deco and stunning beaches.",/uploads/destinations/dest_79.jpg,,,,
destination,Chicago,"United States",41.8781,-87.6298,"Magnificent architecture and deep dish.",/uploads/destinations/dest_81.jpg,,,,
destination,Seoul,"South Korea",37.5665,126.9780,"K-pop, tech, and ancient palaces.",/uploads/destinations/dest_45.jpg,,,,
destination,Beijing,China,39.9042,116.4074,"The Great Wall and Forbidden City.",/uploads/destinations/dest_8.jpg,,,,
destination,Shanghai,China,31.2304,121.4737,"Global financial hub and The Bund.",/uploads/destinations/dest_19.jpg,,,,
destination,"Hong Kong",China,22.3193,114.1694,"Iconic skyline and dim sum.",/uploads/destinations/dest_48.jpg,,,,
destination,Singapore,Singapore,1.3521,103.8198,"Marina Bay Sands and Gardens.",/uploads/destinations/dest_16.jpg,,,,
destination,"Kuala Lumpur",Malaysia,3.1390,101.6869,"Petronas Twin Towers.",/uploads/destinations/dest_40.jpg,,,,
destination,Jakarta,Indonesia,-6.2088,106.8456,"Bustling Southeast Asian megacity.",/uploads/destinations/dest_9.jpg,,,,
destination,Mumbai,India,19.0760,72.8777,"Bollywood and vibrant street life.",/uploads/destinations/dest_41.jpg,,,,
destination,"New Delhi",India,28.6139,77.2090,"Historic capital of India.",/uploads/destinations/dest_38.jpg,,,,
destination,Cairo,Egypt,30.0444,31.2357,"The Pyramids of Giza.",/uploads/destinations/dest_8.jpg,,,,
destination,Marrakech,Morocco,31.6295,-7.9811,"Souks and stunning medinas.",/uploads/destinations/dest_38.jpg,,,,
destination,Nairobi,Kenya,-1.2921,36.8219,"The safari capital of the world.",/uploads/destinations/dest_59.jpg,,,,
destination,Lagos,Nigeria,6.5244,3.3792,"West Africa's cultural powerhouse.",/uploads/destinations/dest_19.jpg,,,,
destination,Auckland,"New Zealand",-36.8485,174.7633,"City of Sails.",/uploads/destinations/dest_69.jpg,,,,
destination,Melbourne,Australia,-37.8136,144.9631,"Coffee, art, and culture.",/uploads/destinations/dest_12.jpg,,,,
destination,Honolulu,"United States",21.3069,-157.8583,"Waikiki Beach and volcanoes.",/uploads/destinations/dest_97.jpg,,,,
destination,Reykjavik,Iceland,64.1466,-21.9426,"Northern lights and hot springs.",/uploads/destinations/dest_44.jpg,,,,
destination,Dublin,Ireland,53.3498,-6.2603,"Guinness and friendly locals.",/uploads/destinations/dest_8.jpg,,,,
destination,Edinburgh,"United Kingdom",55.9533,-3.1883,"Historic castle and Royal Mile.",/uploads/destinations/dest_12.jpg,,,,
agency,agency1@example.com,password123,"Wanderlust Travel Co.",Verified,5.00,,,,
agency,agency2@example.com,password123,"Global Explorer Tours",Verified,8.00,,,,
agency,agency3@example.com,password123,"Sunset Safaris",Verified,12.00,,,,
agency,agency4@example.com,password123,"Urban Adventures",Verified,8.00,,,,
agency,agency5@example.com,password123,"Mountain High Expeditions",Verified,11.00,,,,
agency,agency6@example.com,password123,"Oceanic Getaways",Verified,9.00,,,,
agency,agency7@example.com,password123,"Luxury Escapes",Verified,7.00,,,,
agency,agency8@example.com,password123,"Budget Backpackers",Verified,9.00,,,,
agency,agency9@example.com,password123,"Cultural Connect",Verified,14.00,,,,
agency,agency10@example.com,password123,"Epic Journeys",Verified,10.00,,,,
agency,agency11@example.com,password123,"Horizon Travel",Verified,12.00,,,,
agency,agency12@example.com,password123,"Blue Sky Vacations",Verified,12.00,,,,
agency,agency13@example.com,password123,"Nomad Ventures",Verified,8.00,,,,
agency,agency14@example.com,password123,"Oasis Travel Agency",Verified,5.00,,,,
agency,agency15@example.com,password123,"Pioneer Expeditions",Verified,12.00,,,,
agency,agency16@example.com,password123,"Majestic Tours",Verified,6.00,,,,
agency,agency17@example.com,password123,"Silver Compass Travel",Verified,14.00,,,,
agency,agency18@example.com,password123,"Dream Destinations",Verified,9.00,,,,
agency,agency19@example.com,password123,"Summit Adventures",Verified,10.00,,,,
agency,agency20@example.com,password123,"Coastal Cruises",Verified,12.00,,,,
traveller,traveller1@example.com,password123,Donald,Baker,,,,,
traveller,traveller2@example.com,password123,George,Ramirez,,,,,
traveller,traveller3@example.com,password123,Edward,Brown,,,,,
traveller,traveller4@example.com,password123,Aria,Hill,,,,,
traveller,traveller5@example.com,password123,Scarlett,Lopez,,,,,
traveller,traveller6@example.com,password123,Michael,Wilson,,,,,
traveller,traveller7@example.com,password123,Jane,Jones,,,,,
traveller,traveller8@example.com,password123,Paul,Young,,,,,
traveller,traveller9@example.com,password123,Olivia,Miller,,,,,
traveller,traveller10@example.com,password123,Mark,Williams,,,,,
traveller,traveller11@example.com,password123,Kevin,Ramirez,,,,,
traveller,traveller12@example.com,password123,Olivia,Mitchell,,,,,
traveller,traveller13@example.com,password123,Michael,White,,,,,
traveller,traveller14@example.com,password123,David,Garcia,,,,,
traveller,traveller15@example.com,password123,Madison,Miller,,,,,
traveller,traveller16@example.com,password123,Anthony,Mitchell,,,,,
traveller,traveller17@example.com,password123,Anthony,Scott,,,,,
traveller,traveller18@example.com,password123,Donald,Thompson,,,,,
traveller,traveller19@example.com,password123,Thomas,Davis,,,,,
traveller,traveller20@example.com,password123,Harper,Roberts,,,,,
traveller,traveller21@example.com,password123,Daniel,Smith,,,,,
traveller,traveller22@example.com,password123,Thomas,Scott,,,,,
traveller,traveller23@example.com,password123,Jason,Garcia,,,,,
traveller,traveller24@example.com,password123,Madison,Clark,,,,,
traveller,traveller25@example.com,password123,Emily,Ramirez,,,,,
traveller,traveller26@example.com,password123,Mia,Carter,,,,,
traveller,traveller27@example.com,password123,Madison,Campbell,,,,,
traveller,traveller28@example.com,password123,John,Miller,,,,,
traveller,traveller29@example.com,password123,Elizabeth,Lewis,,,,,
traveller,traveller30@example.com,password123,Jason,Hernandez,,,,,
traveller,traveller31@example.com,password123,Camila,Nguyen,,,,,
traveller,traveller32@example.com,password123,Kenneth,Walker,,,,,
traveller,traveller33@example.com,password123,Scarlett,Martin,,,,,
traveller,traveller34@example.com,password123,Gary,Martinez,,,,,
traveller,traveller35@example.com,password123,Matthew,Green,,,,,
traveller,traveller36@example.com,password123,Donald,Scott,,,,,
traveller,traveller37@example.com,password123,Matthew,White,,,,,
traveller,traveller38@example.com,password123,William,Mitchell,,,,,
traveller,traveller39@example.com,password123,Charlotte,Gonzalez,,,,,
traveller,traveller40@example.com,password123,Joseph,Anderson,,,,,
traveller,traveller41@example.com,password123,John,Rodriguez,,,,,
traveller,traveller42@example.com,password123,Ava,Hernandez,,,,,
traveller,traveller43@example.com,password123,Mila,Lewis,,,,,
traveller,traveller44@example.com,password123,Emily,Jones,,,,,
traveller,traveller45@example.com,password123,Ella,Scott,,,,,
traveller,traveller46@example.com,password123,Paul,Gonzalez,,,,,
traveller,traveller47@example.com,password123,David,Hill,,,,,
traveller,traveller48@example.com,password123,Elizabeth,Baker,,,,,
traveller,traveller49@example.com,password123,Kevin,Rodriguez,,,,,
traveller,traveller50@example.com,password123,Luna,Miller,,,,,
traveller,traveller51@example.com,password123,Evelyn,Wright,,,,,
traveller,traveller52@example.com,password123,Jason,Lee,,,,,
traveller,traveller53@example.com,password123,Kevin,Scott,,,,,
traveller,traveller54@example.com,password123,Mark,Torres,,,,,
traveller,traveller55@example.com,password123,Victoria,Wright,,,,,
traveller,traveller56@example.com,password123,Ella,Allen,,,,,
traveller,traveller57@example.com,password123,Isabella,White,,,,,
traveller,traveller58@example.com,password123,Avery,Jackson,,,,,
traveller,traveller59@example.com,password123,Christopher,Hernandez,,,,,
traveller,traveller60@example.com,password123,Abigail,Carter,,,,,
traveller,traveller61@example.com,password123,Kevin,Jones,,,,,
traveller,traveller62@example.com,password123,Evelyn,Hernandez,,,,,
traveller,traveller63@example.com,password123,Paul,Gonzalez,,,,,
traveller,traveller64@example.com,password123,Paul,Thompson,,,,,
traveller,traveller65@example.com,password123,James,Johnson,,,,,
traveller,traveller66@example.com,password123,Luna,Johnson,,,,,
traveller,traveller67@example.com,password123,Michael,Mitchell,,,,,
traveller,traveller68@example.com,password123,Joseph,Scott,,,,,
traveller,traveller69@example.com,password123,Aria,Wilson,,,,,
traveller,traveller70@example.com,password123,Paul,Sanchez,,,,,
traveller,traveller71@example.com,password123,Avery,Lopez,,,,,
traveller,traveller72@example.com,password123,Amelia,Mitchell,,,,,
traveller,traveller73@example.com,password123,Grace,Moore,,,,,
traveller,traveller74@example.com,password123,Emily,Rodriguez,,,,,
traveller,traveller75@example.com,password123,Abigail,Hall,,,,,
traveller,traveller76@example.com,password123,Mia,Martin,,,,,
traveller,traveller77@example.com,password123,Ronald,Carter,,,,,
traveller,traveller78@example.com,password123,Charlotte,Young,,,,,
traveller,traveller79@example.com,password123,George,Robinson,,,,,
traveller,traveller80@example.com,password123,Luna,Miller,,,,,
traveller,traveller81@example.com,password123,Emily,Hernandez,,,,,
traveller,traveller82@example.com,password123,Victoria,Lewis,,,,,
traveller,traveller83@example.com,password123,Paul,Miller,,,,,
traveller,traveller84@example.com,password123,Kenneth,Lewis,,,,,
traveller,traveller85@example.com,password123,Avery,Flores,,,,,
traveller,traveller86@example.com,password123,George,Wright,,,,,
traveller,traveller87@example.com,password123,Aria,Martin,,,,,
traveller,traveller88@example.com,password123,Brian,Hernandez,,,,,
traveller,traveller89@example.com,password123,Jason,Jackson,,,,,
traveller,traveller90@example.com,password123,Emma,Rivera,,,,,
traveller,traveller91@example.com,password123,George,King,,,,,
traveller,traveller92@example.com,password123,Thomas,Allen,,,,,
traveller,traveller93@example.com,password123,Elizabeth,Thomas,,,,,
traveller,traveller94@example.com,password123,Steven,Smith,,,,,
traveller,traveller95@example.com,password123,Camila,Perez,,,,,
traveller,traveller96@example.com,password123,Christopher,Perez,,,,,
traveller,traveller97@example.com,password123,Avery,Young,,,,,
traveller,traveller98@example.com,password123,Emily,Smith,,,,,
traveller,traveller99@example.com,password123,Mia,White,,,,,
traveller,traveller100@example.com,password123,David,Rodriguez,,,,,
traveller,traveller101@example.com,password123,Olivia,Allen,,,,,
traveller,traveller102@example.com,password123,Victoria,Flores,,,,,
traveller,traveller103@example.com,password123,Anthony,Torres,,,,,
traveller,traveller104@example.com,password123,Olivia,King,,,,,
traveller,traveller105@example.com,password123,Amelia,Rodriguez,,,,,
traveller,traveller106@example.com,password123,Ronald,Hall,,,,,
traveller,traveller107@example.com,password123,Abigail,King,,,,,
traveller,traveller108@example.com,password123,Emily,Brown,,,,,
traveller,traveller109@example.com,password123,Daniel,Nelson,,,,,
traveller,traveller110@example.com,password123,Sofia,Wright,,,,,
traveller,traveller111@example.com,password123,Kevin,Lopez,,,,,
traveller,traveller112@example.com,password123,Brian,Hernandez,,,,,
traveller,traveller113@example.com,password123,John,Anderson,,,,,
traveller,traveller114@example.com,password123,Donald,Johnson,,,,,
traveller,traveller115@example.com,password123,Michael,Sanchez,,,,,
traveller,traveller116@example.com,password123,Gary,Scott,,,,,
traveller,traveller117@example.com,password123,Olivia,White,,,,,
traveller,traveller118@example.com,password123,Paul,Torres,,,,,
traveller,traveller119@example.com,password123,Michael,Martin,,,,,
traveller,traveller120@example.com,password123,Jane,Sanchez,,,,,
traveller,traveller121@example.com,password123,Avery,Lewis,,,,,
traveller,traveller122@example.com,password123,Donald,Johnson,,,,,
traveller,traveller123@example.com,password123,Luna,Taylor,,,,,
traveller,traveller124@example.com,password123,John,Harris,,,,,
traveller,traveller125@example.com,password123,Avery,Carter,,,,,
traveller,traveller126@example.com,password123,Thomas,Robinson,,,,,
traveller,traveller127@example.com,password123,William,Garcia,,,,,
traveller,traveller128@example.com,password123,Jane,Lopez,,,,,
traveller,traveller129@example.com,password123,Camila,Baker,,,,,
traveller,traveller130@example.com,password123,Paul,Hill,,,,,
traveller,traveller131@example.com,password123,Kevin,Scott,,,,,
traveller,traveller132@example.com,password123,Donald,Lee,,,,,
traveller,traveller133@example.com,password123,Gary,Rodriguez,,,,,
traveller,traveller134@example.com,password123,Ronald,Clark,,,,,
traveller,traveller135@example.com,password123,Kevin,Jackson,,,,,
traveller,traveller136@example.com,password123,Donald,Allen,,,,,
traveller,traveller137@example.com,password123,Sofia,Martinez,,,,,
traveller,traveller138@example.com,password123,Robert,Nelson,,,,,
traveller,traveller139@example.com,password123,Steven,Wright,,,,,
traveller,traveller140@example.com,password123,Madison,King,,,,,
traveller,traveller141@example.com,password123,Camila,Thomas,,,,,
traveller,traveller142@example.com,password123,Thomas,Sanchez,,,,,
traveller,traveller143@example.com,password123,Edward,Perez,,,,,
traveller,traveller144@example.com,password123,Jane,Miller,,,,,
traveller,traveller145@example.com,password123,David,Hall,,,,,
traveller,traveller146@example.com,password123,Camila,Smith,,,,,
traveller,traveller147@example.com,password123,Jane,Allen,,,,,
traveller,traveller148@example.com,password123,Sophia,Smith,,,,,
traveller,traveller149@example.com,password123,Donald,Brown,,,,,
traveller,traveller150@example.com,password123,Abigail,Anderson,,,,,
traveller,traveller151@example.com,password123,Kevin,Hall,,,,,
traveller,traveller152@example.com,password123,Anthony,Moore,,,,,
traveller,traveller153@example.com,password123,William,Carter,,,,,
traveller,traveller154@example.com,password123,Isabella,Wilson,,,,,
traveller,traveller155@example.com,password123,Thomas,Jones,,,,,
traveller,traveller156@example.com,password123,George,White,,,,,
traveller,traveller157@example.com,password123,Avery,Garcia,,,,,
traveller,traveller158@example.com,password123,Evelyn,Ramirez,,,,,
traveller,traveller159@example.com,password123,Aria,Sanchez,,,,,
traveller,traveller160@example.com,password123,Sofia,Taylor,,,,,
traveller,traveller161@example.com,password123,Emily,Taylor,,,,,
traveller,traveller162@example.com,password123,Ava,Miller,,,,,
traveller,traveller163@example.com,password123,Robert,Jones,,,,,
traveller,traveller164@example.com,password123,Isabella,Rodriguez,,,,,
traveller,traveller165@example.com,password123,George,Nguyen,,,,,
traveller,traveller166@example.com,password123,Jason,Jackson,,,,,
traveller,traveller167@example.com,password123,Charlotte,Moore,,,,,
traveller,traveller168@example.com,password123,John,Anderson,,,,,
traveller,traveller169@example.com,password123,Jane,Garcia,,,,,
traveller,traveller170@example.com,password123,Madison,Martinez,,,,,
traveller,traveller171@example.com,password123,Evelyn,Hall,,,,,
traveller,traveller172@example.com,password123,Sofia,Smith,,,,,
traveller,traveller173@example.com,password123,Joseph,Davis,,,,,
traveller,traveller174@example.com,password123,Aria,Torres,,,,,
traveller,traveller175@example.com,password123,Amelia,Martinez,,,,,
traveller,traveller176@example.com,password123,Gary,Thompson,,,,,
traveller,traveller177@example.com,password123,Daniel,Gonzalez,,,,,
traveller,traveller178@example.com,password123,Abigail,Mitchell,,,,,
traveller,traveller179@example.com,password123,Brian,Thomas,,,,,
traveller,traveller180@example.com,password123,Thomas,Thomas,,,,,
traveller,traveller181@example.com,password123,John,Nguyen,,,,,
traveller,traveller182@example.com,password123,Matthew,Walker,,,,,
traveller,traveller183@example.com,password123,Brian,Nelson,,,,,
traveller,traveller184@example.com,password123,Elizabeth,Wright,,,,,
traveller,traveller185@example.com,password123,Michael,Carter,,,,,
traveller,traveller186@example.com,password123,Mila,Nelson,,,,,
traveller,traveller187@example.com,password123,Grace,Sanchez,,,,,
traveller,traveller188@example.com,password123,Emma,Wilson,,,,,
traveller,traveller189@example.com,password123,Jane,Smith,,,,,
traveller,traveller190@example.com,password123,Mila,White,,,,,
traveller,traveller191@example.com,password123,Amelia,Hernandez,,,,,
traveller,traveller192@example.com,password123,Edward,Thomas,,,,,
traveller,traveller193@example.com,password123,Scarlett,Torres,,,,,
traveller,traveller194@example.com,password123,Grace,Thomas,,,,,
traveller,traveller195@example.com,password123,Evelyn,Taylor,,,,,
traveller,traveller196@example.com,password123,Sofia,Robinson,,,,,
traveller,traveller197@example.com,password123,Kevin,Thompson,,,,,
traveller,traveller198@example.com,password123,Charlotte,Perez,,,,,
traveller,traveller199@example.com,password123,Donald,Anderson,,,,,
traveller,traveller200@example.com,password123,Emily,Robinson,,,,,
traveller,traveller201@example.com,password123,Mark,Brown,,,,,
traveller,traveller202@example.com,password123,Harper,Taylor,,,,,
traveller,traveller203@example.com,password123,Jason,Martinez,,,,,
traveller,traveller204@example.com,password123,Charlotte,Allen,,,,,
traveller,traveller205@example.com,password123,Luna,Johnson,,,,,
traveller,traveller206@example.com,password123,Mila,Johnson,,,,,
traveller,traveller207@example.com,password123,Robert,Brown,,,,,
traveller,traveller208@example.com,password123,Michael,Davis,,,,,
traveller,traveller209@example.com,password123,Sofia,Smith,,,,,
traveller,traveller210@example.com,password123,David,Mitchell,,,,,
traveller,traveller211@example.com,password123,Sophia,Rivera,,,,,
traveller,traveller212@example.com,password123,George,Carter,,,,,
traveller,traveller213@example.com,password123,Steven,Smith,,,,,
traveller,traveller214@example.com,password123,Kevin,Green,,,,,
traveller,traveller215@example.com,password123,Gary,Clark,,,,,
traveller,traveller216@example.com,password123,Donald,Anderson,,,,,
traveller,traveller217@example.com,password123,Amelia,Lee,,,,,
traveller,traveller218@example.com,password123,Michael,Thomas,,,,,
traveller,traveller219@example.com,password123,Scarlett,Williams,,,,,
traveller,traveller220@example.com,password123,Charles,Campbell,,,,,
traveller,traveller221@example.com,password123,Ronald,Smith,,,,,
traveller,traveller222@example.com,password123,Amelia,Ramirez,,,,,
traveller,traveller223@example.com,password123,Mia,Anderson,,,,,
traveller,traveller224@example.com,password123,Steven,Johnson,,,,,
traveller,traveller225@example.com,password123,Anthony,Jones,,,,,
traveller,traveller226@example.com,password123,Emma,Robinson,,,,,
traveller,traveller227@example.com,password123,Brian,Lopez,,,,,
traveller,traveller228@example.com,password123,Camila,Garcia,,,,,
traveller,traveller229@example.com,password123,Christopher,Wilson,,,,,
traveller,traveller230@example.com,password123,James,Green,,,,,
traveller,traveller231@example.com,password123,Avery,Hall,,,,,
traveller,traveller232@example.com,password123,Brian,White,,,,,
traveller,traveller233@example.com,password123,George,Miller,,,,,
traveller,traveller234@example.com,password123,Emma,Torres,,,,,
traveller,traveller235@example.com,password123,Isabella,Jones,,,,,
traveller,traveller236@example.com,password123,Joseph,Brown,,,,,
traveller,traveller237@example.com,password123,Madison,Johnson,,,,,
traveller,traveller238@example.com,password123,Daniel,Wright,,,,,
traveller,traveller239@example.com,password123,Evelyn,Hall,,,,,
traveller,traveller240@example.com,password123,James,Thomas,,,,,
traveller,traveller241@example.com,password123,Anthony,Ramirez,,,,,
traveller,traveller242@example.com,password123,Paul,Young,,,,,
traveller,traveller243@example.com,password123,Christopher,Perez,,,,,
traveller,traveller244@example.com,password123,Kenneth,Lopez,,,,,
traveller,traveller245@example.com,password123,David,Lee,,,,,
traveller,traveller246@example.com,password123,Anthony,Rodriguez,,,,,
traveller,traveller247@example.com,password123,Matthew,Garcia,,,,,
traveller,traveller248@example.com,password123,Thomas,White,,,,,
traveller,traveller249@example.com,password123,Sophia,Nelson,,,,,
traveller,traveller250@example.com,password123,Emily,Hill,,,,,
traveller,traveller251@example.com,password123,Mark,Sanchez,,,,,
traveller,traveller252@example.com,password123,Evelyn,Lee,,,,,
traveller,traveller253@example.com,password123,George,Wilson,,,,,
traveller,traveller254@example.com,password123,Paul,Davis,,,,,
traveller,traveller255@example.com,password123,Luna,Torres,,,,,
traveller,traveller256@example.com,password123,Mila,Wright,,,,,
traveller,traveller257@example.com,password123,Mia,Flores,,,,,
traveller,traveller258@example.com,password123,Edward,Davis,,,,,
traveller,traveller259@example.com,password123,Camila,Smith,,,,,
traveller,traveller260@example.com,password123,David,Green,,,,,
traveller,traveller261@example.com,password123,Mark,Flores,,,,,
traveller,traveller262@example.com,password123,Victoria,Davis,,,,,
traveller,traveller263@example.com,password123,Luna,Williams,,,,,
traveller,traveller264@example.com,password123,Ella,Walker,,,,,
traveller,traveller265@example.com,password123,Emma,Taylor,,,,,
traveller,traveller266@example.com,password123,Isabella,Hill,,,,,
traveller,traveller267@example.com,password123,Isabella,Wilson,,,,,
traveller,traveller268@example.com,password123,John,Jackson,,,,,
traveller,traveller269@example.com,password123,Donald,Ramirez,,,,,
traveller,traveller270@example.com,password123,Ava,Clark,,,,,
traveller,traveller271@example.com,password123,Victoria,Moore,,,,,
traveller,traveller272@example.com,password123,Aria,Jackson,,,,,
traveller,traveller273@example.com,password123,Madison,Clark,,,,,
traveller,traveller274@example.com,password123,Kenneth,Williams,,,,,
traveller,traveller275@example.com,password123,Daniel,Torres,,,,,
traveller,traveller276@example.com,password123,Matthew,Smith,,,,,
traveller,traveller277@example.com,password123,Charles,Johnson,,,,,
traveller,traveller278@example.com,password123,Christopher,King,,,,,
traveller,traveller279@example.com,password123,Emma,Hernandez,,,,,
traveller,traveller280@example.com,password123,Avery,Thompson,,,,,
traveller,traveller281@example.com,password123,Donald,Sanchez,,,,,
traveller,traveller282@example.com,password123,Christopher,Mitchell,,,,,
traveller,traveller283@example.com,password123,Steven,Jackson,,,,,
traveller,traveller284@example.com,password123,Sophia,Walker,,,,,
traveller,traveller285@example.com,password123,Elizabeth,Carter,,,,,
traveller,traveller286@example.com,password123,Grace,Anderson,,,,,
traveller,traveller287@example.com,password123,Matthew,Young,,,,,
traveller,traveller288@example.com,password123,Harper,Miller,,,,,
traveller,traveller289@example.com,password123,Brian,Taylor,,,,,
traveller,traveller290@example.com,password123,Sophia,Rivera,,,,,
traveller,traveller291@example.com,password123,Jason,White,,,,,
traveller,traveller292@example.com,password123,William,Hill,,,,,
traveller,traveller293@example.com,password123,Isabella,Harris,,,,,
traveller,traveller294@example.com,password123,Edward,Gonzalez,,,,,
traveller,traveller295@example.com,password123,Abigail,Nelson,,,,,
traveller,traveller296@example.com,password123,Joseph,Davis,,,,,
traveller,traveller297@example.com,password123,Ava,Ramirez,,,,,
traveller,traveller298@example.com,password123,Ava,Sanchez,,,,,
traveller,traveller299@example.com,password123,Ronald,White,,,,,
traveller,traveller300@example.com,password123,William,Williams,,,,,
traveller,traveller301@example.com,password123,David,Flores,,,,,
traveller,traveller302@example.com,password123,George,Lewis,,,,,
traveller,traveller303@example.com,password123,Elizabeth,Lee,,,,,
traveller,traveller304@example.com,password123,Gary,Davis,,,,,
traveller,traveller305@example.com,password123,Evelyn,Davis,,,,,
traveller,traveller306@example.com,password123,Avery,Mitchell,,,,,
traveller,traveller307@example.com,password123,Aria,Torres,,,,,
traveller,traveller308@example.com,password123,Ronald,Wright,,,,,
traveller,traveller309@example.com,password123,William,Wright,,,,,
traveller,traveller310@example.com,password123,Charlotte,Nguyen,,,,,
traveller,traveller311@example.com,password123,Anthony,Young,,,,,
traveller,traveller312@example.com,password123,William,Campbell,,,,,
traveller,traveller313@example.com,password123,Amelia,Roberts,,,,,
traveller,traveller314@example.com,password123,Elizabeth,Mitchell,,,,,
traveller,traveller315@example.com,password123,Donald,Gonzalez,,,,,
traveller,traveller316@example.com,password123,Ronald,Green,,,,,
traveller,traveller317@example.com,password123,Amelia,Jones,,,,,
traveller,traveller318@example.com,password123,Avery,Flores,,,,,
traveller,traveller319@example.com,password123,Joseph,Rodriguez,,,,,
traveller,traveller320@example.com,password123,Olivia,White,,,,,
traveller,traveller321@example.com,password123,Emily,Jones,,,,,
traveller,traveller322@example.com,password123,Emma,Thomas,,,,,
traveller,traveller323@example.com,password123,Sofia,Lopez,,,,,
traveller,traveller324@example.com,password123,Luna,Lewis,,,,,
traveller,traveller325@example.com,password123,Elizabeth,Robinson,,,,,
traveller,traveller326@example.com,password123,Ava,Perez,,,,,
traveller,traveller327@example.com,password123,Mia,Anderson,,,,,
traveller,traveller328@example.com,password123,Christopher,Torres,,,,,
traveller,traveller329@example.com,password123,Charlotte,Jackson,,,,,
traveller,traveller330@example.com,password123,Olivia,Campbell,,,,,
traveller,traveller331@example.com,password123,Jason,Wright,,,,,
traveller,traveller332@example.com,password123,Charlotte,Harris,,,,,
traveller,traveller333@example.com,password123,Christopher,King,,,,,
traveller,traveller334@example.com,password123,Edward,Harris,,,,,
traveller,traveller335@example.com,password123,Kenneth,Hall,,,,,
traveller,traveller336@example.com,password123,James,Martinez,,,,,
traveller,traveller337@example.com,password123,George,White,,,,,
traveller,traveller338@example.com,password123,Abigail,Jones,,,,,
traveller,traveller339@example.com,password123,Mia,Hernandez,,,,,
traveller,traveller340@example.com,password123,Jason,Lopez,,,,,
traveller,traveller341@example.com,password123,Daniel,Williams,,,,,
traveller,traveller342@example.com,password123,Emma,Perez,,,,,
traveller,traveller343@example.com,password123,Daniel,Baker,,,,,
traveller,traveller344@example.com,password123,Ronald,Torres,,,,,
traveller,traveller345@example.com,password123,Avery,Wright,,,,,
traveller,traveller346@example.com,password123,Paul,Rivera,,,,,
traveller,traveller347@example.com,password123,Avery,Baker,,,,,
traveller,traveller348@example.com,password123,Edward,Williams,,,,,
traveller,traveller349@example.com,password123,Harper,Miller,,,,,
traveller,traveller350@example.com,password123,Mila,Campbell,,,,,
traveller,traveller351@example.com,password123,David,Thompson,,,,,
traveller,traveller352@example.com,password123,Victoria,Perez,,,,,
traveller,traveller353@example.com,password123,George,Robinson,,,,,
traveller,traveller354@example.com,password123,Robert,Smith,,,,,
traveller,traveller355@example.com,password123,Mia,Flores,,,,,
traveller,traveller356@example.com,password123,James,Walker,,,,,
traveller,traveller357@example.com,password123,Jane,Torres,,,,,
traveller,traveller358@example.com,password123,Isabella,Hill,,,,,
traveller,traveller359@example.com,password123,Charlotte,Garcia,,,,,
traveller,traveller360@example.com,password123,Thomas,Jones,,,,,
traveller,traveller361@example.com,password123,Luna,Taylor,,,,,
traveller,traveller362@example.com,password123,Aria,Martin,,,,,
traveller,traveller363@example.com,password123,Charlotte,Nguyen,,,,,
traveller,traveller364@example.com,password123,Steven,Garcia,,,,,
traveller,traveller365@example.com,password123,Luna,Allen,,,,,
traveller,traveller366@example.com,password123,Luna,Walker,,,,,
traveller,traveller367@example.com,password123,Matthew,Smith,,,,,
traveller,traveller368@example.com,password123,Ronald,Sanchez,,,,,
traveller,traveller369@example.com,password123,James,Lee,,,,,
traveller,traveller370@example.com,password123,Abigail,Garcia,,,,,
traveller,traveller371@example.com,password123,Charles,Martinez,,,,,
traveller,traveller372@example.com,password123,Kenneth,Lee,,,,,
traveller,traveller373@example.com,password123,Matthew,Torres,,,,,
traveller,traveller374@example.com,password123,Emma,Walker,,,,,
traveller,traveller375@example.com,password123,Donald,Thomas,,,,,
traveller,traveller376@example.com,password123,Robert,Baker,,,,,
traveller,traveller377@example.com,password123,Abigail,Scott,,,,,
traveller,traveller378@example.com,password123,Camila,Sanchez,,,,,
traveller,traveller379@example.com,password123,William,Moore,,,,,
traveller,traveller380@example.com,password123,Avery,Davis,,,,,
traveller,traveller381@example.com,password123,Avery,Wright,,,,,
traveller,traveller382@example.com,password123,Sophia,Mitchell,,,,,
traveller,traveller383@example.com,password123,Amelia,Johnson,,,,,
traveller,traveller384@example.com,password123,Abigail,Nelson,,,,,
traveller,traveller385@example.com,password123,Evelyn,Carter,,,,,
traveller,traveller386@example.com,password123,William,Hernandez,,,,,
traveller,traveller387@example.com,password123,Aria,Wilson,,,,,
traveller,traveller388@example.com,password123,Mark,Flores,,,,,
traveller,traveller389@example.com,password123,Grace,Scott,,,,,
traveller,traveller390@example.com,password123,Abigail,Green,,,,,
traveller,traveller391@example.com,password123,Elizabeth,Moore,,,,,
traveller,traveller392@example.com,password123,Emma,Garcia,,,,,
traveller,traveller393@example.com,password123,Emma,Garcia,,,,,
traveller,traveller394@example.com,password123,Edward,Adams,,,,,
traveller,traveller395@example.com,password123,Michael,Green,,,,,
traveller,traveller396@example.com,password123,Camila,Davis,,,,,
traveller,traveller397@example.com,password123,Abigail,Hernandez,,,,,
traveller,traveller398@example.com,password123,Christopher,Clark,,,,,
traveller,traveller399@example.com,password123,Victoria,Flores,,,,,
traveller,traveller400@example.com,password123,Steven,Roberts,,,,,
traveller,traveller401@example.com,password123,Sofia,White,,,,,
traveller,traveller402@example.com,password123,Anthony,Adams,,,,,
traveller,traveller403@example.com,password123,Charlotte,Roberts,,,,,
traveller,traveller404@example.com,password123,Thomas,Martin,,,,,
traveller,traveller405@example.com,password123,Amelia,Taylor,,,,,
traveller,traveller406@example.com,password123,Sofia,Jones,,,,,
traveller,traveller407@example.com,password123,Mia,Adams,,,,,
traveller,traveller408@example.com,password123,Madison,Thomas,,,,,
traveller,traveller409@example.com,password123,Isabella,Smith,,,,,
traveller,traveller410@example.com,password123,Donald,Perez,,,,,
traveller,traveller411@example.com,password123,Kenneth,Lewis,,,,,
traveller,traveller412@example.com,password123,Olivia,Lewis,,,,,
traveller,traveller413@example.com,password123,Mark,Scott,,,,,
traveller,traveller414@example.com,password123,Anthony,Lee,,,,,
traveller,traveller415@example.com,password123,Avery,Robinson,,,,,
traveller,traveller416@example.com,password123,Thomas,Green,,,,,
traveller,traveller417@example.com,password123,Victoria,Jones,,,,,
traveller,traveller418@example.com,password123,Ella,Jackson,,,,,
traveller,traveller419@example.com,password123,Mila,Torres,,,,,
traveller,traveller420@example.com,password123,Sofia,Jones,,,,,
traveller,traveller421@example.com,password123,Charles,Jones,,,,,
traveller,traveller422@example.com,password123,Paul,King,,,,,
traveller,traveller423@example.com,password123,Olivia,Lee,,,,,
traveller,traveller424@example.com,password123,James,Thomas,,,,,
traveller,traveller425@example.com,password123,Victoria,Roberts,,,,,
traveller,traveller426@example.com,password123,Brian,Walker,,,,,
traveller,traveller427@example.com,password123,Olivia,Clark,,,,,
traveller,traveller428@example.com,password123,Kevin,White,,,,,
traveller,traveller429@example.com,password123,Christopher,Green,,,,,
traveller,traveller430@example.com,password123,Mia,Perez,,,,,
traveller,traveller431@example.com,password123,Sofia,Thomas,,,,,
traveller,traveller432@example.com,password123,Evelyn,Green,,,,,
traveller,traveller433@example.com,password123,Jason,Rodriguez,,,,,
traveller,traveller434@example.com,password123,Michael,Smith,,,,,
traveller,traveller435@example.com,password123,Emma,Scott,,,,,
traveller,traveller436@example.com,password123,Olivia,Robinson,,,,,
traveller,traveller437@example.com,password123,Donald,Johnson,,,,,
traveller,traveller438@example.com,password123,Jane,Rodriguez,,,,,
traveller,traveller439@example.com,password123,Ronald,Lopez,,,,,
traveller,traveller440@example.com,password123,Joseph,Gonzalez,,,,,
traveller,traveller441@example.com,password123,Thomas,Sanchez,,,,,
traveller,traveller442@example.com,password123,Robert,Hill,,,,,
traveller,traveller443@example.com,password123,Ava,Brown,,,,,
traveller,traveller444@example.com,password123,Jason,Moore,,,,,
traveller,traveller445@example.com,password123,Aria,Scott,,,,,
traveller,traveller446@example.com,password123,Steven,Perez,,,,,
traveller,traveller447@example.com,password123,Victoria,Martinez,,,,,
traveller,traveller448@example.com,password123,Donald,Garcia,,,,,
traveller,traveller449@example.com,password123,Mia,Clark,,,,,
traveller,traveller450@example.com,password123,Ella,Mitchell,,,,,
traveller,traveller451@example.com,password123,Harper,Carter,,,,,
traveller,traveller452@example.com,password123,James,Harris,,,,,
traveller,traveller453@example.com,password123,Kevin,Nelson,,,,,
traveller,traveller454@example.com,password123,Matthew,Adams,,,,,
traveller,traveller455@example.com,password123,Evelyn,Taylor,,,,,
traveller,traveller456@example.com,password123,Ella,Adams,,,,,
traveller,traveller457@example.com,password123,Jane,Moore,,,,,
traveller,traveller458@example.com,password123,Ava,Sanchez,,,,,
traveller,traveller459@example.com,password123,Brian,Jackson,,,,,
traveller,traveller460@example.com,password123,Elizabeth,Johnson,,,,,
traveller,traveller461@example.com,password123,Matthew,Hernandez,,,,,
traveller,traveller462@example.com,password123,Scarlett,Rivera,,,,,
traveller,traveller463@example.com,password123,Aria,White,,,,,
traveller,traveller464@example.com,password123,James,Johnson,,,,,
traveller,traveller465@example.com,password123,Sofia,Green,,,,,
traveller,traveller466@example.com,password123,Donald,Jones,,,,,
traveller,traveller467@example.com,password123,Edward,Hall,,,,,
traveller,traveller468@example.com,password123,Kenneth,Thompson,,,,,
traveller,traveller469@example.com,password123,Kenneth,King,,,,,
traveller,traveller470@example.com,password123,Charlotte,Thompson,,,,,
traveller,traveller471@example.com,password123,Mia,Moore,,,,,
traveller,traveller472@example.com,password123,Scarlett,Robinson,,,,,
traveller,traveller473@example.com,password123,Emma,Harris,,,,,
traveller,traveller474@example.com,password123,Mia,Jackson,,,,,
traveller,traveller475@example.com,password123,Emma,Miller,,,,,
traveller,traveller476@example.com,password123,Ava,Hernandez,,,,,
traveller,traveller477@example.com,password123,Kevin,Flores,,,,,
traveller,traveller478@example.com,password123,Joseph,Gonzalez,,,,,
traveller,traveller479@example.com,password123,Victoria,Gonzalez,,,,,
traveller,traveller480@example.com,password123,Evelyn,Gonzalez,,,,,
traveller,traveller481@example.com,password123,Ella,Baker,,,,,
traveller,traveller482@example.com,password123,Daniel,Smith,,,,,
traveller,traveller483@example.com,password123,Joseph,Nelson,,,,,
traveller,traveller484@example.com,password123,Emily,Thompson,,,,,
traveller,traveller485@example.com,password123,Mia,Davis,,,,,
traveller,traveller486@example.com,password123,Camila,Wilson,,,,,
traveller,traveller487@example.com,password123,Mia,Brown,,,,,
traveller,traveller488@example.com,password123,Steven,Jones,,,,,
traveller,traveller489@example.com,password123,Scarlett,Thomas,,,,,
traveller,traveller490@example.com,password123,Aria,Wilson,,,,,
traveller,traveller491@example.com,password123,Anthony,Walker,,,,,
traveller,traveller492@example.com,password123,Christopher,Jackson,,,,,
traveller,traveller493@example.com,password123,Paul,Jackson,,,,,
traveller,traveller494@example.com,password123,Robert,Jackson,,,,,
traveller,traveller495@example.com,password123,Donald,Hill,,,,,
traveller,traveller496@example.com,password123,George,Mitchell,,,,,
traveller,traveller497@example.com,password123,Harper,Clark,,,,,
traveller,traveller498@example.com,password123,Steven,Harris,,,,,
traveller,traveller499@example.com,password123,Robert,Green,,,,,
traveller,traveller500@example.com,password123,Grace,White,,,,,
accommodation,"Barcelona Central Inn",Boutique,4,622,"123 Main St, Barcelona",Barcelona,,,
accommodation,"The Hilton Shanghai Resort",Hotel,5,4843,"123 Main St, Shanghai",Shanghai,,,
accommodation,"The Holiday Inn New Delhi Resort",Hotel,4,1930,"123 Main St, New Delhi","New Delhi",,,
accommodation,"The Ibis Auckland Suites",Hostel,5,2820,"123 Main St, Auckland",Auckland,,,
accommodation,"Barcelona Central Grand Hotel",Apartment,4,4711,"123 Main St, Barcelona",Barcelona,,,
accommodation,"Budapest Central Inn",Hostel,3,4579,"123 Main St, Budapest",Budapest,,,
accommodation,"Istanbul Central Suites",Boutique,4,1204,"123 Main St, Istanbul",Istanbul,,,
accommodation,"New York Central Inn",Hostel,4,3949,"123 Main St, New York","New York",,,
accommodation,"The Four Seasons Honolulu Hotel & Spa",Hotel,3,1197,"123 Main St, Honolulu",Honolulu,,,
accommodation,"Toronto Central Resort",Boutique,5,4216,"123 Main St, Toronto",Toronto,,,
accommodation,"The Hilton Budapest Suites",Resort,5,3797,"123 Main St, Budapest",Budapest,,,
accommodation,"The Hyatt New York Grand Hotel",Hostel,5,2211,"123 Main St, New York","New York",,,
accommodation,"The Fairmont Johannesburg Lodge",Hotel,3,4037,"123 Main St, Johannesburg",Johannesburg,,,
accommodation,"The Mandarin Oriental Jakarta Inn",Hotel,5,2005,"123 Main St, Jakarta",Jakarta,,,
accommodation,"Prague Central Hotel & Spa",Apartment,4,4991,"123 Main St, Prague",Prague,,,
accommodation,"The Holiday Inn Cape Town Resort",Boutique,5,1551,"123 Main St, Cape Town","Cape Town",,,
accommodation,"The Sheraton Barcelona Inn",Boutique,5,3081,"123 Main St, Barcelona",Barcelona,,,
accommodation,"The InterContinental Istanbul Lodge",Hotel,4,4490,"123 Main St, Istanbul",Istanbul,,,
accommodation,"Prague Central Hotel & Spa",Hotel,3,4411,"123 Main St, Prague",Prague,,,
accommodation,"The Crowne Plaza Amsterdam Resort",Boutique,4,2099,"123 Main St, Amsterdam",Amsterdam,,,
accommodation,"The Radisson Dublin Resort",Hostel,3,4044,"123 Main St, Dublin",Dublin,,,
accommodation,"The Novotel Tokyo Hotel & Spa",Boutique,3,3972,"123 Main St, Tokyo",Tokyo,,,
accommodation,"Johannesburg Central Resort",Hotel,3,527,"123 Main St, Johannesburg",Johannesburg,,,
accommodation,"The Four Seasons Bogota Lodge",Boutique,3,1422,"123 Main St, Bogota",Bogota,,,
accommodation,"Shanghai Central Hotel & Spa",Apartment,3,3063,"123 Main St, Shanghai",Shanghai,,,
accommodation,"Madrid Central Lodge",Boutique,4,4435,"123 Main St, Madrid",Madrid,,,
accommodation,"Istanbul Central Hotel & Spa",Resort,4,4010,"123 Main St, Istanbul",Istanbul,,,
accommodation,"The Ritz-Carlton Mexico City Suites",Hostel,5,4559,"123 Main St, Mexico City","Mexico City",,,
accommodation,"Singapore Central Grand Hotel",Boutique,5,3549,"123 Main St, Singapore",Singapore,,,
accommodation,"The Novotel Nairobi Grand Hotel",Boutique,3,1571,"123 Main St, Nairobi",Nairobi,,,
accommodation,"The Ibis Hong Kong Grand Hotel",Resort,5,2797,"123 Main St, Hong Kong","Hong Kong",,,
accommodation,"Reykjavik Central Lodge",Apartment,4,4770,"123 Main St, Reykjavik",Reykjavik,,,
accommodation,"The Ibis Bangkok Boutique Hotel",Hostel,5,4944,"123 Main St, Bangkok",Bangkok,,,
accommodation,"The Crowne Plaza Tokyo Lodge",Hotel,4,2091,"123 Main St, Tokyo",Tokyo,,,
accommodation,"The Fairmont Dubai Grand Hotel",Apartment,4,1732,"123 Main St, Dubai",Dubai,,,
accommodation,"The Fairmont Athens Inn",Apartment,3,4720,"123 Main St, Athens",Athens,,,
accommodation,"Beijing Central Hotel & Spa",Apartment,3,3289,"123 Main St, Beijing",Beijing,,,
accommodation,"The Sheraton Los Angeles Grand Hotel",Hotel,3,1645,"123 Main St, Los Angeles","Los Angeles",,,
accommodation,"The Radisson New York Grand Hotel",Boutique,5,1291,"123 Main St, New York","New York",,,
accommodation,"The Holiday Inn San Francisco Hotel & Spa",Hotel,4,1684,"123 Main St, San Francisco","San Francisco",,,
accommodation,"The Hilton Auckland Grand Hotel",Hotel,3,962,"123 Main St, Auckland",Auckland,,,
accommodation,"The Radisson Tokyo Boutique Hotel",Apartment,5,3813,"123 Main St, Tokyo",Tokyo,,,
accommodation,"Athens Central Grand Hotel",Hotel,3,3798,"123 Main St, Athens",Athens,,,
accommodation,"The Hilton Chicago Suites",Hotel,4,2597,"123 Main St, Chicago",Chicago,,,
accommodation,"Cairo Central Boutique Hotel",Apartment,4,4321,"123 Main St, Cairo",Cairo,,,
accommodation,"The Novotel Berlin Boutique Hotel",Hostel,4,3726,"123 Main St, Berlin",Berlin,,,
accommodation,"The Hilton Mexico City Inn",Hotel,4,3764,"123 Main St, Mexico City","Mexico City",,,
accommodation,"The Crowne Plaza New Delhi Hotel & Spa",Boutique,4,1418,"123 Main St, New Delhi","New Delhi",,,
accommodation,"The Four Seasons Sydney Hotel & Spa",Apartment,3,4051,"123 Main St, Sydney",Sydney,,,
accommodation,"The Mandarin Oriental Bogota Boutique Hotel",Apartment,3,3747,"123 Main St, Bogota",Bogota,,,
accommodation,"The Radisson Johannesburg Inn",Hotel,3,3982,"123 Main St, Johannesburg",Johannesburg,,,
accommodation,"The Hyatt Vancouver Suites",Hostel,4,2463,"123 Main St, Vancouver",Vancouver,,,
accommodation,"The Fairmont Jakarta Hotel & Spa",Boutique,4,3484,"123 Main St, Jakarta",Jakarta,,,
accommodation,"The Radisson Buenos Aires Grand Hotel",Hotel,4,2086,"123 Main St, Buenos Aires","Buenos Aires",,,
accommodation,"The Holiday Inn Kuala Lumpur Hotel & Spa",Hotel,3,650,"123 Main St, Kuala Lumpur","Kuala Lumpur",,,
accommodation,"The InterContinental Amsterdam Hotel & Spa",Apartment,4,864,"123 Main St, Amsterdam",Amsterdam,,,
accommodation,"The Ritz-Carlton Athens Resort",Resort,4,1880,"123 Main St, Athens",Athens,,,
accommodation,"The Four Seasons Chicago Hotel & Spa",Hotel,3,3367,"123 Main St, Chicago",Chicago,,,
accommodation,"Honolulu Central Suites",Hotel,4,733,"123 Main St, Honolulu",Honolulu,,,
accommodation,"Toronto Central Inn",Boutique,3,4457,"123 Main St, Toronto",Toronto,,,
accommodation,"The Crowne Plaza Hong Kong Grand Hotel",Hostel,4,4117,"123 Main St, Hong Kong","Hong Kong",,,
accommodation,"London Central Resort",Hostel,5,535,"123 Main St, London",London,,,
accommodation,"The Ibis Seoul Resort",Hotel,3,514,"123 Main St, Seoul",Seoul,,,
accommodation,"The Novotel Toronto Lodge",Boutique,3,4607,"123 Main St, Toronto",Toronto,,,
accommodation,"The Ibis Reykjavik Hotel & Spa",Boutique,3,754,"123 Main St, Reykjavik",Reykjavik,,,
accommodation,"Athens Central Inn",Boutique,3,4170,"123 Main St, Athens",Athens,,,
accommodation,"The Hyatt Sydney Hotel & Spa",Apartment,5,4148,"123 Main St, Sydney",Sydney,,,
accommodation,"The Radisson Munich Lodge",Hostel,3,1962,"123 Main St, Munich",Munich,,,
accommodation,"The Fairmont Kuala Lumpur Suites",Hostel,3,3062,"123 Main St, Kuala Lumpur","Kuala Lumpur",,,
accommodation,"The Four Seasons Lagos Lodge",Boutique,4,814,"123 Main St, Lagos",Lagos,,,
accommodation,"The Holiday Inn Tokyo Inn",Boutique,3,2257,"123 Main St, Tokyo",Tokyo,,,
accommodation,"Auckland Central Lodge",Boutique,3,3478,"123 Main St, Auckland",Auckland,,,
accommodation,"Chicago Central Lodge",Hotel,3,2916,"123 Main St, Chicago",Chicago,,,
accommodation,"The Fairmont Toronto Resort",Hostel,3,1995,"123 Main St, Toronto",Toronto,,,
accommodation,"The Four Seasons Dublin Boutique Hotel",Boutique,5,4042,"123 Main St, Dublin",Dublin,,,
accommodation,"The Novotel Jakarta Grand Hotel",Hostel,4,602,"123 Main St, Jakarta",Jakarta,,,
accommodation,"London Central Inn",Resort,5,2077,"123 Main St, London",London,,,
accommodation,"The Holiday Inn Paris Resort",Resort,4,1828,"123 Main St, Paris",Paris,,,
accommodation,"The Four Seasons Kuala Lumpur Hotel & Spa",Resort,3,2565,"123 Main St, Kuala Lumpur","Kuala Lumpur",,,
accommodation,"Marrakech Central Hotel & Spa",Hostel,4,4381,"123 Main St, Marrakech",Marrakech,,,
accommodation,"The Four Seasons Shanghai Suites",Apartment,3,2038,"123 Main St, Shanghai",Shanghai,,,
accommodation,"The Fairmont Los Angeles Lodge",Apartment,5,1961,"123 Main St, Los Angeles","Los Angeles",,,
accommodation,"The Marriott Edinburgh Hotel & Spa",Boutique,4,2655,"123 Main St, Edinburgh",Edinburgh,,,
accommodation,"The InterContinental Prague Lodge",Hostel,3,950,"123 Main St, Prague",Prague,,,
accommodation,"The Crowne Plaza Budapest Lodge",Hotel,4,2002,"123 Main St, Budapest",Budapest,,,
accommodation,"The Westin Shanghai Grand Hotel",Hostel,4,847,"123 Main St, Shanghai",Shanghai,,,
accommodation,"Dubai Central Boutique Hotel",Hostel,5,2056,"123 Main St, Dubai",Dubai,,,
accommodation,"The Crowne Plaza Madrid Resort",Hostel,4,4831,"123 Main St, Madrid",Madrid,,,
accommodation,"Honolulu Central Boutique Hotel",Hotel,3,2724,"123 Main St, Honolulu",Honolulu,,,
accommodation,"The Ibis Paris Inn",Resort,5,3807,"123 Main St, Paris",Paris,,,
accommodation,"Honolulu Central Boutique Hotel",Apartment,4,3672,"123 Main St, Honolulu",Honolulu,,,
accommodation,"The Crowne Plaza London Grand Hotel",Apartment,5,4063,"123 Main St, London",London,,,
accommodation,"Rio de Janeiro Central Inn",Hostel,5,1192,"123 Main St, Rio de Janeiro","Rio de Janeiro",,,
accommodation,"The Marriott Lima Inn",Resort,4,4236,"123 Main St, Lima",Lima,,,
accommodation,"The Marriott Berlin Hotel & Spa",Boutique,4,4889,"123 Main St, Berlin",Berlin,,,
accommodation,"The Mandarin Oriental Buenos Aires Lodge",Hostel,5,812,"123 Main St, Buenos Aires","Buenos Aires",,,
accommodation,"The Fairmont Dublin Hotel & Spa",Boutique,5,582,"123 Main St, Dublin",Dublin,,,
accommodation,"The Ritz-Carlton Paris Suites",Resort,5,4878,"123 Main St, Paris",Paris,,,
accommodation,"The Holiday Inn Edinburgh Suites",Boutique,4,1004,"123 Main St, Edinburgh",Edinburgh,,,
accommodation,"The Radisson Mexico City Inn",Hotel,3,1017,"123 Main St, Mexico City","Mexico City",,,
accommodation,"The Radisson Kuala Lumpur Hotel & Spa",Hotel,5,2016,"123 Main St, Kuala Lumpur","Kuala Lumpur",,,
accommodation,"Honolulu Central Boutique Hotel",Hotel,5,1662,"123 Main St, Honolulu",Honolulu,,,
accommodation,"The Fairmont Melbourne Grand Hotel",Resort,4,4298,"123 Main St, Melbourne",Melbourne,,,
accommodation,"London Central Grand Hotel",Hostel,5,1178,"123 Main St, London",London,,,
accommodation,"The Mandarin Oriental Cairo Inn",Hostel,4,3520,"123 Main St, Cairo",Cairo,,,
accommodation,"The Sheraton San Francisco Boutique Hotel",Hotel,3,2051,"123 Main St, San Francisco","San Francisco",,,
accommodation,"The Ibis Buenos Aires Hotel & Spa",Boutique,5,3059,"123 Main St, Buenos Aires","Buenos Aires",,,
accommodation,"The Holiday Inn Athens Boutique Hotel",Hostel,4,1752,"123 Main St, Athens",Athens,,,
accommodation,"Bangkok Central Resort",Hotel,3,3616,"123 Main St, Bangkok",Bangkok,,,
accommodation,"The Crowne Plaza Toronto Resort",Apartment,4,1133,"123 Main St, Toronto",Toronto,,,
accommodation,"The Holiday Inn Chicago Lodge",Hostel,3,4935,"123 Main St, Chicago",Chicago,,,
accommodation,"The Ritz-Carlton Melbourne Resort",Hotel,3,1446,"123 Main St, Melbourne",Melbourne,,,
accommodation,"The Marriott Budapest Hotel & Spa",Hostel,5,1629,"123 Main St, Budapest",Budapest,,,
accommodation,"Barcelona Central Hotel & Spa",Apartment,5,4391,"123 Main St, Barcelona",Barcelona,,,
accommodation,"Sydney Central Boutique Hotel",Boutique,3,716,"123 Main St, Sydney",Sydney,,,
accommodation,"The Radisson Tokyo Grand Hotel",Hotel,5,1791,"123 Main St, Tokyo",Tokyo,,,
accommodation,"The Holiday Inn Lima Lodge",Hotel,5,3491,"123 Main St, Lima",Lima,,,
accommodation,"The Crowne Plaza Johannesburg Lodge",Boutique,3,2471,"123 Main St, Johannesburg",Johannesburg,,,
accommodation,"Sydney Central Suites",Hotel,5,2330,"123 Main St, Sydney",Sydney,,,
accommodation,"San Francisco Central Resort",Resort,3,4375,"123 Main St, San Francisco","San Francisco",,,
accommodation,"The Novotel Reykjavik Inn",Resort,4,1020,"123 Main St, Reykjavik",Reykjavik,,,
accommodation,"The Four Seasons Kuala Lumpur Suites",Resort,5,1363,"123 Main St, Kuala Lumpur","Kuala Lumpur",,,
accommodation,"The Westin Rome Boutique Hotel",Hostel,4,2237,"123 Main St, Rome",Rome,,,
accommodation,"Bangkok Central Lodge",Hotel,4,1734,"123 Main St, Bangkok",Bangkok,,,
accommodation,"The Hyatt Miami Resort",Hotel,3,2509,"123 Main St, Miami",Miami,,,
accommodation,"The Sheraton Barcelona Grand Hotel",Resort,4,1478,"123 Main St, Barcelona",Barcelona,,,
accommodation,"The Mandarin Oriental New Delhi Grand Hotel",Hostel,4,4287,"123 Main St, New Delhi","New Delhi",,,
accommodation,"Reykjavik Central Lodge",Resort,3,1166,"123 Main St, Reykjavik",Reykjavik,,,
accommodation,"Mumbai Central Hotel & Spa",Boutique,4,1882,"123 Main St, Mumbai",Mumbai,,,
accommodation,"Paris Central Resort",Resort,3,2612,"123 Main St, Paris",Paris,,,
accommodation,"The Westin Sydney Resort",Hotel,3,1596,"123 Main St, Sydney",Sydney,,,
accommodation,"Hong Kong Central Boutique Hotel",Resort,5,3280,"123 Main St, Hong Kong","Hong Kong",,,
accommodation,"The InterContinental Dubai Lodge",Apartment,3,3971,"123 Main St, Dubai",Dubai,,,
accommodation,"The Fairmont Barcelona Suites",Apartment,5,1000,"123 Main St, Barcelona",Barcelona,,,
accommodation,"The InterContinental Los Angeles Resort",Hotel,3,638,"123 Main St, Los Angeles","Los Angeles",,,
accommodation,"Mexico City Central Hotel & Spa",Hotel,5,2578,"123 Main St, Mexico City","Mexico City",,,
accommodation,"Shanghai Central Hotel & Spa",Apartment,4,4881,"123 Main St, Shanghai",Shanghai,,,
accommodation,"The Hyatt Rome Lodge",Hostel,5,2473,"123 Main St, Rome",Rome,,,
accommodation,"The Crowne Plaza Munich Grand Hotel",Apartment,3,689,"123 Main St, Munich",Munich,,,
accommodation,"Cape Town Central Hotel & Spa",Boutique,3,2608,"123 Main St, Cape Town","Cape Town",,,
accommodation,"The Hilton Athens Boutique Hotel",Hostel,5,1322,"123 Main St, Athens",Athens,,,
accommodation,"The Marriott New York Resort",Hostel,4,3055,"123 Main St, New York","New York",,,
accommodation,"The Sheraton Chicago Hotel & Spa",Resort,5,3799,"123 Main St, Chicago",Chicago,,,
accommodation,"Amsterdam Central Boutique Hotel",Apartment,3,3595,"123 Main St, Amsterdam",Amsterdam,,,
accommodation,"Hong Kong Central Grand Hotel",Apartment,4,1047,"123 Main St, Hong Kong","Hong Kong",,,
accommodation,"Prague Central Inn",Resort,4,3053,"123 Main St, Prague",Prague,,,
accommodation,"The Ibis Tokyo Suites",Resort,3,3560,"123 Main St, Tokyo",Tokyo,,,
accommodation,"The Hilton Beijing Inn",Boutique,5,847,"123 Main St, Beijing",Beijing,,,
accommodation,"The Fairmont Seoul Resort",Boutique,5,2033,"123 Main St, Seoul",Seoul,,,
accommodation,"Los Angeles Central Suites",Boutique,4,2497,"123 Main St, Los Angeles","Los Angeles",,,
accommodation,"New Delhi Central Inn",Resort,4,1947,"123 Main St, New Delhi","New Delhi",,,
accommodation,"The Four Seasons Budapest Suites",Apartment,4,859,"123 Main St, Budapest",Budapest,,,
accommodation,"The Fairmont New York Hotel & Spa",Hostel,4,2019,"123 Main St, New York","New York",,,
accommodation,"The Ibis Marrakech Inn",Hostel,4,671,"123 Main St, Marrakech",Marrakech,,,
accommodation,"The Holiday Inn Kuala Lumpur Hotel & Spa",Boutique,5,3877,"123 Main St, Kuala Lumpur","Kuala Lumpur",,,
accommodation,"The Crowne Plaza Nairobi Lodge",Resort,5,4712,"123 Main St, Nairobi",Nairobi,,,
accommodation,"Istanbul Central Suites",Apartment,4,1096,"123 Main St, Istanbul",Istanbul,,,
accommodation,"The Fairmont Madrid Grand Hotel",Hostel,5,2972,"123 Main St, Madrid",Madrid,,,
accommodation,"Paris Central Boutique Hotel",Boutique,5,633,"123 Main St, Paris",Paris,,,
accommodation,"The Hilton Amsterdam Suites",Hostel,4,1275,"123 Main St, Amsterdam",Amsterdam,,,
accommodation,"The Radisson Buenos Aires Grand Hotel",Boutique,5,3707,"123 Main St, Buenos Aires","Buenos Aires",,,
accommodation,"The Ibis Vancouver Grand Hotel",Boutique,4,4669,"123 Main St, Vancouver",Vancouver,,,
accommodation,"The Crowne Plaza Chicago Suites",Apartment,5,1928,"123 Main St, Chicago",Chicago,,,
accommodation,"Toronto Central Hotel & Spa",Apartment,4,2999,"123 Main St, Toronto",Toronto,,,
accommodation,"Vienna Central Resort",Apartment,4,1201,"123 Main St, Vienna",Vienna,,,
accommodation,"The Hilton New Delhi Lodge",Hostel,3,4829,"123 Main St, New Delhi","New Delhi",,,
accommodation,"The Hyatt Seoul Hotel & Spa",Hostel,5,4196,"123 Main St, Seoul",Seoul,,,
accommodation,"Bangkok Central Hotel & Spa",Apartment,5,4575,"123 Main St, Bangkok",Bangkok,,,
accommodation,"The Fairmont Seoul Resort",Hostel,4,3912,"123 Main St, Seoul",Seoul,,,
accommodation,"Miami Central Boutique Hotel",Hotel,5,3528,"123 Main St, Miami",Miami,,,
accommodation,"The Fairmont New York Suites",Hotel,4,3016,"123 Main St, New York","New York",,,
accommodation,"The InterContinental Paris Grand Hotel",Apartment,4,3277,"123 Main St, Paris",Paris,,,
accommodation,"New York Central Hotel & Spa",Hotel,5,805,"123 Main St, New York","New York",,,
accommodation,"The InterContinental Budapest Hotel & Spa",Apartment,5,3880,"123 Main St, Budapest",Budapest,,,
accommodation,"Sydney Central Suites",Hostel,4,4795,"123 Main St, Sydney",Sydney,,,
accommodation,"The Crowne Plaza London Grand Hotel",Hostel,3,2435,"123 Main St, London",London,,,
accommodation,"Dubai Central Grand Hotel",Resort,4,1187,"123 Main St, Dubai",Dubai,,,
accommodation,"The Hilton Lagos Inn",Boutique,4,2448,"123 Main St, Lagos",Lagos,,,
accommodation,"San Francisco Central Lodge",Apartment,3,3974,"123 Main St, San Francisco","San Francisco",,,
accommodation,"The Mandarin Oriental New Delhi Suites",Resort,5,4027,"123 Main St, New Delhi","New Delhi",,,
accommodation,"The Ibis Madrid Hotel & Spa",Apartment,3,4120,"123 Main St, Madrid",Madrid,,,
accommodation,"Bogota Central Inn",Resort,4,2814,"123 Main St, Bogota",Bogota,,,
accommodation,"Reykjavik Central Suites",Boutique,5,2555,"123 Main St, Reykjavik",Reykjavik,,,
accommodation,"The Mandarin Oriental Singapore Hotel & Spa",Hotel,3,1434,"123 Main St, Singapore",Singapore,,,
accommodation,"The Four Seasons Vancouver Lodge",Boutique,4,2133,"123 Main St, Vancouver",Vancouver,,,
accommodation,"The Sheraton Madrid Boutique Hotel",Apartment,4,4551,"123 Main St, Madrid",Madrid,,,
accommodation,"Los Angeles Central Lodge",Hostel,4,2926,"123 Main St, Los Angeles","Los Angeles",,,
accommodation,"The Four Seasons Dublin Resort",Boutique,3,1470,"123 Main St, Dublin",Dublin,,,
accommodation,"The Marriott Istanbul Boutique Hotel",Resort,5,4674,"123 Main St, Istanbul",Istanbul,,,
accommodation,"The Westin Barcelona Lodge",Hostel,4,2927,"123 Main St, Barcelona",Barcelona,,,
accommodation,"The Four Seasons Shanghai Lodge",Hostel,5,4039,"123 Main St, Shanghai",Shanghai,,,
accommodation,"Tokyo Central Boutique Hotel",Resort,4,2078,"123 Main St, Tokyo",Tokyo,,,
accommodation,"Rome Central Lodge",Hotel,3,2107,"123 Main St, Rome",Rome,,,
accommodation,"The Novotel Munich Hotel & Spa",Boutique,4,1217,"123 Main St, Munich",Munich,,,
accommodation,"The Hyatt Seoul Lodge",Apartment,3,3398,"123 Main St, Seoul",Seoul,,,
accommodation,"The Crowne Plaza Cairo Boutique Hotel",Resort,3,868,"123 Main St, Cairo",Cairo,,,
accommodation,"Singapore Central Boutique Hotel",Hotel,4,1928,"123 Main St, Singapore",Singapore,,,
accommodation,"The InterContinental Chicago Suites",Boutique,3,3422,"123 Main St, Chicago",Chicago,,,
accommodation,"The Marriott London Grand Hotel",Hostel,5,2125,"123 Main St, London",London,,,
accommodation,"Athens Central Hotel & Spa",Resort,3,1153,"123 Main St, Athens",Athens,,,
accommodation,"London Central Hotel & Spa",Resort,5,3692,"123 Main St, London",London,,,
accommodation,"The Novotel Lagos Resort",Hotel,3,1832,"123 Main St, Lagos",Lagos,,,
accommodation,"The Holiday Inn Jakarta Boutique Hotel",Resort,3,2998,"123 Main St, Jakarta",Jakarta,,,
accommodation,"Athens Central Hotel & Spa",Hotel,5,1082,"123 Main St, Athens",Athens,,,
accommodation,"The Hilton Lima Lodge",Apartment,3,1721,"123 Main St, Lima",Lima,,,
accommodation,"The Fairmont London Inn",Boutique,5,3530,"123 Main St, London",London,,,
accommodation,"Marrakech Central Suites",Boutique,5,2664,"123 Main St, Marrakech",Marrakech,,,
accommodation,"Nairobi Central Grand Hotel",Hotel,4,3008,"123 Main St, Nairobi",Nairobi,,,
accommodation,"The Westin Bangkok Lodge",Apartment,4,4085,"123 Main St, Bangkok",Bangkok,,,
accommodation,"Cairo Central Grand Hotel",Resort,3,975,"123 Main St, Cairo",Cairo,,,
accommodation,"The Hilton Seoul Lodge",Hotel,5,705,"123 Main St, Seoul",Seoul,,,
accommodation,"The Mandarin Oriental Berlin Grand Hotel",Hotel,5,1933,"123 Main St, Berlin",Berlin,,,
accommodation,"The Ibis Dublin Boutique Hotel",Apartment,5,2758,"123 Main St, Dublin",Dublin,,,
accommodation,"The Novotel Nairobi Hotel & Spa",Apartment,4,3903,"123 Main St, Nairobi",Nairobi,,,
accommodation,"The Westin Los Angeles Inn",Hostel,4,4002,"123 Main St, Los Angeles","Los Angeles",,,
accommodation,"Rio de Janeiro Central Lodge",Resort,4,2593,"123 Main St, Rio de Janeiro","Rio de Janeiro",,,
accommodation,"Honolulu Central Resort",Hostel,5,1463,"123 Main St, Honolulu",Honolulu,,,
accommodation,"Paris Central Hotel & Spa",Hostel,5,2249,"123 Main St, Paris",Paris,,,
accommodation,"Vienna Central Resort",Hostel,5,4706,"123 Main St, Vienna",Vienna,,,
accommodation,"The Hilton Barcelona Grand Hotel",Boutique,5,2590,"123 Main St, Barcelona",Barcelona,,,
accommodation,"Toronto Central Resort",Resort,5,1458,"123 Main St, Toronto",Toronto,,,
accommodation,"The Ritz-Carlton Mexico City Grand Hotel",Boutique,4,4099,"123 Main St, Mexico City","Mexico City",,,
accommodation,"Nairobi Central Hotel & Spa",Resort,5,2046,"123 Main St, Nairobi",Nairobi,,,
accommodation,"The InterContinental Munich Suites",Apartment,5,737,"123 Main St, Munich",Munich,,,
accommodation,"Toronto Central Lodge",Resort,5,4898,"123 Main St, Toronto",Toronto,,,
accommodation,"The InterContinental Bangkok Hotel & Spa",Boutique,5,1107,"123 Main St, Bangkok",Bangkok,,,
accommodation,"The Radisson Paris Suites",Resort,4,4210,"123 Main St, Paris",Paris,,,
accommodation,"Miami Central Resort",Boutique,3,2718,"123 Main St, Miami",Miami,,,
accommodation,"Barcelona Central Resort",Hostel,4,795,"123 Main St, Barcelona",Barcelona,,,
accommodation,"The Westin Shanghai Boutique Hotel",Apartment,3,4935,"123 Main St, Shanghai",Shanghai,,,
accommodation,"The Ibis Dublin Resort",Hostel,5,4462,"123 Main St, Dublin",Dublin,,,
accommodation,"The Sheraton Singapore Hotel & Spa",Resort,4,1826,"123 Main St, Singapore",Singapore,,,
accommodation,"The Fairmont Cairo Resort",Boutique,3,767,"123 Main St, Cairo",Cairo,,,
accommodation,"Rio de Janeiro Central Inn",Boutique,5,2446,"123 Main St, Rio de Janeiro","Rio de Janeiro",,,
accommodation,"Miami Central Inn",Hostel,4,2872,"123 Main St, Miami",Miami,,,
accommodation,"Lagos Central Grand Hotel",Apartment,4,4781,"123 Main St, Lagos",Lagos,,,
accommodation,"Seoul Central Inn",Hostel,3,3263,"123 Main St, Seoul",Seoul,,,
accommodation,"The Sheraton Cairo Boutique Hotel",Resort,4,952,"123 Main St, Cairo",Cairo,,,
accommodation,"The InterContinental Dublin Resort",Hostel,4,655,"123 Main St, Dublin",Dublin,,,
accommodation,"The Crowne Plaza Mexico City Lodge",Boutique,4,3130,"123 Main St, Mexico City","Mexico City",,,
accommodation,"Edinburgh Central Suites",Resort,5,758,"123 Main St, Edinburgh",Edinburgh,,,
accommodation,"The Ibis Nairobi Hotel & Spa",Hostel,5,4914,"123 Main St, Nairobi",Nairobi,,,
accommodation,"The Hilton Madrid Boutique Hotel",Apartment,4,3891,"123 Main St, Madrid",Madrid,,,
accommodation,"The Ritz-Carlton Nairobi Inn",Apartment,3,505,"123 Main St, Nairobi",Nairobi,,,
accommodation,"New Delhi Central Resort",Hostel,5,3592,"123 Main St, New Delhi","New Delhi",,,
accommodation,"The Hyatt Berlin Lodge",Apartment,4,1692,"123 Main St, Berlin",Berlin,,,
accommodation,"The Radisson Miami Hotel & Spa",Boutique,5,2241,"123 Main St, Miami",Miami,,,
accommodation,"Prague Central Boutique Hotel",Hotel,5,661,"123 Main St, Prague",Prague,,,
accommodation,"The Sheraton Johannesburg Hotel & Spa",Hostel,4,2209,"123 Main St, Johannesburg",Johannesburg,,,
accommodation,"Madrid Central Inn",Apartment,3,3027,"123 Main St, Madrid",Madrid,,,
accommodation,"The Novotel Shanghai Suites",Hostel,5,2242,"123 Main St, Shanghai",Shanghai,,,
accommodation,"The Four Seasons Dublin Suites",Resort,5,3773,"123 Main St, Dublin",Dublin,,,
accommodation,"The Westin Marrakech Hotel & Spa",Boutique,3,1594,"123 Main St, Marrakech",Marrakech,,,
accommodation,"The Hilton Cairo Grand Hotel",Hostel,3,2466,"123 Main St, Cairo",Cairo,,,
accommodation,"Jakarta Central Grand Hotel",Resort,5,987,"123 Main St, Jakarta",Jakarta,,,
accommodation,"Marrakech Central Hotel & Spa",Resort,4,3408,"123 Main St, Marrakech",Marrakech,,,
accommodation,"The Ibis Dubai Suites",Resort,5,2946,"123 Main St, Dubai",Dubai,,,
accommodation,"Seoul Central Boutique Hotel",Apartment,3,640,"123 Main St, Seoul",Seoul,,,
accommodation,"The InterContinental Lagos Grand Hotel",Resort,4,3625,"123 Main St, Lagos",Lagos,,,
accommodation,"The Ritz-Carlton Seoul Resort",Boutique,4,1229,"123 Main St, Seoul",Seoul,,,
accommodation,"The Ibis Johannesburg Grand Hotel",Apartment,4,1807,"123 Main St, Johannesburg",Johannesburg,,,
accommodation,"Nairobi Central Hotel & Spa",Hostel,3,1382,"123 Main St, Nairobi",Nairobi,,,
accommodation,"The Mandarin Oriental New York Lodge",Hostel,4,938,"123 Main St, New York","New York",,,
accommodation,"Toronto Central Boutique Hotel",Hostel,5,3053,"123 Main St, Toronto",Toronto,,,
accommodation,"The Novotel Cairo Lodge",Apartment,5,3769,"123 Main St, Cairo",Cairo,,,
accommodation,"The Four Seasons Athens Resort",Apartment,5,4302,"123 Main St, Athens",Athens,,,
accommodation,"The Marriott Jakarta Boutique Hotel",Hostel,4,4990,"123 Main St, Jakarta",Jakarta,,,
accommodation,"Bogota Central Suites",Hostel,3,4971,"123 Main St, Bogota",Bogota,,,
accommodation,"The Westin Shanghai Suites",Resort,5,4869,"123 Main St, Shanghai",Shanghai,,,
accommodation,"The Fairmont Lagos Grand Hotel",Boutique,4,1999,"123 Main St, Lagos",Lagos,,,
accommodation,"The Westin Honolulu Suites",Boutique,4,4415,"123 Main St, Honolulu",Honolulu,,,
accommodation,"New York Central Lodge",Resort,3,3819,"123 Main St, New York","New York",,,
accommodation,"The Hyatt Buenos Aires Hotel & Spa",Hostel,4,1151,"123 Main St, Buenos Aires","Buenos Aires",,,
accommodation,"Toronto Central Inn",Boutique,5,4413,"123 Main St, Toronto",Toronto,,,
accommodation,"The Radisson Nairobi Suites",Apartment,5,1756,"123 Main St, Nairobi",Nairobi,,,
accommodation,"The Novotel Prague Suites",Resort,5,1403,"123 Main St, Prague",Prague,,,
accommodation,"Auckland Central Inn",Boutique,5,1280,"123 Main St, Auckland",Auckland,,,
accommodation,"The Crowne Plaza Budapest Resort",Boutique,3,3713,"123 Main St, Budapest",Budapest,,,
accommodation,"The Fairmont Vancouver Resort",Hostel,4,3137,"123 Main St, Vancouver",Vancouver,,,
accommodation,"The Sheraton Lagos Suites",Apartment,4,795,"123 Main St, Lagos",Lagos,,,
accommodation,"Mumbai Central Hotel & Spa",Apartment,5,4368,"123 Main St, Mumbai",Mumbai,,,
accommodation,"The Novotel London Resort",Hostel,5,3404,"123 Main St, London",London,,,
accommodation,"The InterContinental Amsterdam Lodge",Apartment,5,4187,"123 Main St, Amsterdam",Amsterdam,,,
accommodation,"Berlin Central Suites",Boutique,4,3026,"123 Main St, Berlin",Berlin,,,
accommodation,"The Hilton Rome Suites",Hostel,4,1231,"123 Main St, Rome",Rome,,,
accommodation,"Cape Town Central Grand Hotel",Boutique,4,1596,"123 Main St, Cape Town","Cape Town",,,
accommodation,"The Four Seasons Miami Grand Hotel",Hotel,4,1278,"123 Main St, Miami",Miami,,,
accommodation,"The Hilton Miami Suites",Hotel,5,4888,"123 Main St, Miami",Miami,,,
accommodation,"Madrid Central Lodge",Hostel,5,4602,"123 Main St, Madrid",Madrid,,,
accommodation,"The Sheraton Hong Kong Suites",Resort,3,1808,"123 Main St, Hong Kong","Hong Kong",,,
accommodation,"The Holiday Inn Cairo Hotel & Spa",Boutique,3,2126,"123 Main St, Cairo",Cairo,,,
accommodation,"The Fairmont Lima Boutique Hotel",Apartment,3,4948,"123 Main St, Lima",Lima,,,
accommodation,"The Sheraton Tokyo Resort",Hotel,3,833,"123 Main St, Tokyo",Tokyo,,,
accommodation,"The Holiday Inn Cairo Resort",Hostel,3,4374,"123 Main St, Cairo",Cairo,,,
accommodation,"The Four Seasons London Resort",Hotel,3,3953,"123 Main St, London",London,,,
accommodation,"The Fairmont San Francisco Lodge",Boutique,3,4566,"123 Main St, San Francisco","San Francisco",,,
accommodation,"Cairo Central Suites",Apartment,5,2383,"123 Main St, Cairo",Cairo,,,
accommodation,"The Four Seasons Sydney Hotel & Spa",Hostel,3,4055,"123 Main St, Sydney",Sydney,,,
accommodation,"The InterContinental Prague Suites",Apartment,3,4059,"123 Main St, Prague",Prague,,,
accommodation,"The Sheraton Marrakech Inn",Hostel,5,3353,"123 Main St, Marrakech",Marrakech,,,
accommodation,"The Hilton Toronto Resort",Boutique,4,3400,"123 Main St, Toronto",Toronto,,,
accommodation,"Istanbul Central Hotel & Spa",Apartment,5,3069,"123 Main St, Istanbul",Istanbul,,,
accommodation,"Reykjavik Central Hotel & Spa",Resort,5,3040,"123 Main St, Reykjavik",Reykjavik,,,
accommodation,"Vienna Central Boutique Hotel",Hotel,4,2646,"123 Main St, Vienna",Vienna,,,
accommodation,"The Four Seasons Berlin Inn",Apartment,3,1085,"123 Main St, Berlin",Berlin,,,
accommodation,"The Hyatt Berlin Lodge",Hostel,3,2978,"123 Main St, Berlin",Berlin,,,
accommodation,"The Ibis Mumbai Grand Hotel",Resort,4,2361,"123 Main St, Mumbai",Mumbai,,,
accommodation,"The Novotel Honolulu Boutique Hotel",Boutique,5,707,"123 Main St, Honolulu",Honolulu,,,
accommodation,"Athens Central Lodge",Hotel,4,3533,"123 Main St, Athens",Athens,,,
accommodation,"The Novotel Shanghai Boutique Hotel",Hostel,5,3841,"123 Main St, Shanghai",Shanghai,,,
accommodation,"The Novotel Nairobi Grand Hotel",Hostel,4,1010,"123 Main St, Nairobi",Nairobi,,,
accommodation,"The Radisson Melbourne Inn",Resort,5,2260,"123 Main St, Melbourne",Melbourne,,,
accommodation,"The Mandarin Oriental Buenos Aires Inn",Boutique,3,2494,"123 Main St, Buenos Aires","Buenos Aires",,,
accommodation,"Mexico City Central Suites",Boutique,4,554,"123 Main St, Mexico City","Mexico City",,,
accommodation,"The Ritz-Carlton Lagos Inn",Apartment,5,3525,"123 Main St, Lagos",Lagos,,,
accommodation,"The Mandarin Oriental Seoul Resort",Boutique,5,513,"123 Main St, Seoul",Seoul,,,
accommodation,"The Marriott New York Lodge",Boutique,4,4406,"123 Main St, New York","New York",,,
accommodation,"The Ibis Vancouver Grand Hotel",Resort,5,2070,"123 Main St, Vancouver",Vancouver,,,
accommodation,"The Holiday Inn Budapest Resort",Resort,5,1246,"123 Main St, Budapest",Budapest,,,
accommodation,"The Hyatt Rome Resort",Resort,5,1592,"123 Main St, Rome",Rome,,,
accommodation,"The Marriott Sydney Lodge",Hotel,5,3596,"123 Main St, Sydney",Sydney,,,
accommodation,"Bogota Central Grand Hotel",Hotel,4,2283,"123 Main St, Bogota",Bogota,,,
accommodation,"The Sheraton New Delhi Lodge",Apartment,5,2034,"123 Main St, New Delhi","New Delhi",,,
accommodation,"The Ibis Toronto Suites",Boutique,3,1462,"123 Main St, Toronto",Toronto,,,
accommodation,"The Holiday Inn Seoul Suites",Boutique,5,839,"123 Main St, Seoul",Seoul,,,
accommodation,"The Sheraton Vienna Grand Hotel",Hotel,5,2436,"123 Main St, Vienna",Vienna,,,
accommodation,"The Novotel Tokyo Hotel & Spa",Boutique,3,2602,"123 Main St, Tokyo",Tokyo,,,
accommodation,"The Hyatt Shanghai Resort",Hostel,4,2773,"123 Main St, Shanghai",Shanghai,,,
accommodation,"Istanbul Central Suites",Hotel,4,3599,"123 Main St, Istanbul",Istanbul,,,
accommodation,"The Hyatt Mumbai Resort",Hotel,3,3780,"123 Main St, Mumbai",Mumbai,,,
accommodation,"The Hilton Dublin Resort",Resort,3,735,"123 Main St, Dublin",Dublin,,,
accommodation,"The Novotel Lima Grand Hotel",Resort,5,1009,"123 Main St, Lima",Lima,,,
accommodation,"The Ritz-Carlton Singapore Resort",Apartment,4,3250,"123 Main St, Singapore",Singapore,,,
accommodation,"Honolulu Central Hotel & Spa",Boutique,5,2224,"123 Main St, Honolulu",Honolulu,,,
accommodation,"Istanbul Central Inn",Apartment,5,1637,"123 Main St, Istanbul",Istanbul,,,
accommodation,"The Crowne Plaza Melbourne Resort",Resort,3,2935,"123 Main St, Melbourne",Melbourne,,,
accommodation,"New Delhi Central Grand Hotel",Hotel,4,502,"123 Main St, New Delhi","New Delhi",,,
accommodation,"The Hyatt Bangkok Resort",Resort,3,925,"123 Main St, Bangkok",Bangkok,,,
accommodation,"Kuala Lumpur Central Hotel & Spa",Apartment,4,4562,"123 Main St, Kuala Lumpur","Kuala Lumpur",,,
accommodation,"The Marriott Barcelona Hotel & Spa",Boutique,3,2898,"123 Main St, Barcelona",Barcelona,,,
accommodation,"The Westin Beijing Boutique Hotel",Boutique,4,4331,"123 Main St, Beijing",Beijing,,,
accommodation,"The Fairmont New York Resort",Resort,5,3236,"123 Main St, New York","New York",,,
accommodation,"The Ritz-Carlton Reykjavik Hotel & Spa",Apartment,4,2188,"123 Main St, Reykjavik",Reykjavik,,,
accommodation,"The Holiday Inn San Francisco Inn",Apartment,5,2774,"123 Main St, San Francisco","San Francisco",,,
accommodation,"Jakarta Central Grand Hotel",Apartment,3,1510,"123 Main St, Jakarta",Jakarta,,,
accommodation,"Johannesburg Central Boutique Hotel",Resort,4,1986,"123 Main St, Johannesburg",Johannesburg,,,
accommodation,"The Mandarin Oriental Melbourne Suites",Hotel,5,3085,"123 Main St, Melbourne",Melbourne,,,
accommodation,"The Novotel Lima Resort",Apartment,4,4814,"123 Main St, Lima",Lima,,,
accommodation,"The Mandarin Oriental Barcelona Lodge",Hostel,4,3833,"123 Main St, Barcelona",Barcelona,,,
accommodation,"The Sheraton Marrakech Grand Hotel",Resort,3,4771,"123 Main St, Marrakech",Marrakech,,,
accommodation,"The Hyatt Honolulu Resort",Resort,4,4860,"123 Main St, Honolulu",Honolulu,,,
accommodation,"The Hilton New York Suites",Apartment,5,2681,"123 Main St, New York","New York",,,
accommodation,"Paris Central Resort",Boutique,3,803,"123 Main St, Paris",Paris,,,
accommodation,"The Radisson Melbourne Inn",Boutique,5,2834,"123 Main St, Melbourne",Melbourne,,,
accommodation,"Edinburgh Central Inn",Resort,3,853,"123 Main St, Edinburgh",Edinburgh,,,
accommodation,"The Holiday Inn Johannesburg Resort",Hotel,3,2685,"123 Main St, Johannesburg",Johannesburg,,,
accommodation,"Athens Central Grand Hotel",Hotel,3,1899,"123 Main St, Athens",Athens,,,
accommodation,"Edinburgh Central Boutique Hotel",Apartment,4,2352,"123 Main St, Edinburgh",Edinburgh,,,
accommodation,"The Four Seasons Nairobi Inn",Apartment,3,1458,"123 Main St, Nairobi",Nairobi,,,
accommodation,"The Crowne Plaza Auckland Inn",Boutique,3,2758,"123 Main St, Auckland",Auckland,,,
accommodation,"The Holiday Inn Melbourne Suites",Apartment,4,4210,"123 Main St, Melbourne",Melbourne,,,
accommodation,"The Novotel Melbourne Lodge",Hostel,4,1325,"123 Main St, Melbourne",Melbourne,,,
accommodation,"The Marriott Munich Grand Hotel",Apartment,4,2799,"123 Main St, Munich",Munich,,,
accommodation,"The Marriott Bangkok Resort",Hotel,3,3006,"123 Main St, Bangkok",Bangkok,,,
accommodation,"The Sheraton Mumbai Hotel & Spa",Resort,3,2163,"123 Main St, Mumbai",Mumbai,,,
accommodation,"The Holiday Inn Marrakech Lodge",Hotel,5,3005,"123 Main St, Marrakech",Marrakech,,,
accommodation,"Dublin Central Grand Hotel",Hotel,5,4449,"123 Main St, Dublin",Dublin,,,
accommodation,"The Mandarin Oriental Amsterdam Boutique Hotel",Boutique,4,1510,"123 Main St, Amsterdam",Amsterdam,,,
accommodation,"The Sheraton Shanghai Hotel & Spa",Apartment,3,2802,"123 Main St, Shanghai",Shanghai,,,
accommodation,"The Sheraton Lima Resort",Boutique,3,3271,"123 Main St, Lima",Lima,,,
accommodation,"The Hyatt Budapest Hotel & Spa",Resort,5,1926,"123 Main St, Budapest",Budapest,,,
accommodation,"The Sheraton Jakarta Lodge",Apartment,5,3364,"123 Main St, Jakarta",Jakarta,,,
accommodation,"The Hilton Dubai Boutique Hotel",Apartment,4,3619,"123 Main St, Dubai",Dubai,,,
accommodation,"The Crowne Plaza New Delhi Resort",Apartment,3,1258,"123 Main St, New Delhi","New Delhi",,,
accommodation,"Mexico City Central Boutique Hotel",Apartment,3,3919,"123 Main St, Mexico City","Mexico City",,,
accommodation,"Bogota Central Hotel & Spa",Hotel,5,4564,"123 Main St, Bogota",Bogota,,,
accommodation,"Bogota Central Suites",Apartment,3,4936,"123 Main St, Bogota",Bogota,,,
accommodation,"The Four Seasons Los Angeles Boutique Hotel",Apartment,3,2628,"123 Main St, Los Angeles","Los Angeles",,,
accommodation,"The Westin Cape Town Resort",Boutique,3,3410,"123 Main St, Cape Town","Cape Town",,,
accommodation,"The Radisson Marrakech Lodge",Resort,4,3973,"123 Main St, Marrakech",Marrakech,,,
accommodation,"The Holiday Inn Beijing Suites",Apartment,5,968,"123 Main St, Beijing",Beijing,,,
accommodation,"Auckland Central Inn",Hostel,3,4581,"123 Main St, Auckland",Auckland,,,
accommodation,"Istanbul Central Suites",Hostel,3,502,"123 Main St, Istanbul",Istanbul,,,
accommodation,"Miami Central Lodge",Boutique,5,1731,"123 Main St, Miami",Miami,,,
accommodation,"The Ibis Los Angeles Boutique Hotel",Apartment,5,4930,"123 Main St, Los Angeles","Los Angeles",,,
accommodation,"The Four Seasons Bogota Grand Hotel",Apartment,5,1980,"123 Main St, Bogota",Bogota,,,
accommodation,"The Marriott Barcelona Suites",Hostel,5,4946,"123 Main St, Barcelona",Barcelona,,,
accommodation,"The Four Seasons Rome Resort",Resort,5,4215,"123 Main St, Rome",Rome,,,
accommodation,"The Sheraton Beijing Hotel & Spa",Apartment,5,2036,"123 Main St, Beijing",Beijing,,,
accommodation,"The Novotel Cape Town Lodge",Resort,5,2030,"123 Main St, Cape Town","Cape Town",,,
accommodation,"The Radisson Sydney Resort",Apartment,5,3140,"123 Main St, Sydney",Sydney,,,
accommodation,"The Sheraton Paris Boutique Hotel",Hostel,5,4121,"123 Main St, Paris",Paris,,,
accommodation,"The Holiday Inn Amsterdam Inn",Hostel,3,1182,"123 Main St, Amsterdam",Amsterdam,,,
accommodation,"Kuala Lumpur Central Boutique Hotel",Hotel,4,1322,"123 Main St, Kuala Lumpur","Kuala Lumpur",,,
accommodation,"The Ritz-Carlton New York Suites",Hotel,5,955,"123 Main St, New York","New York",,,
accommodation,"The Mandarin Oriental Mexico City Resort",Resort,4,1903,"123 Main St, Mexico City","Mexico City",,,
accommodation,"Miami Central Resort",Boutique,5,3157,"123 Main St, Miami",Miami,,,
accommodation,"The Novotel Amsterdam Suites",Boutique,5,3063,"123 Main St, Amsterdam",Amsterdam,,,
accommodation,"Edinburgh Central Boutique Hotel",Hotel,5,1388,"123 Main St, Edinburgh",Edinburgh,,,
accommodation,"The Marriott Munich Boutique Hotel",Apartment,5,1490,"123 Main St, Munich",Munich,,,
restaurant,"London Bistro",Mediterranean,$$$,"456 Food Ave, London",3.1,London,,,
restaurant,"The Golden Thai Grill",Thai,$,"456 Food Ave, Edinburgh",3.7,Edinburgh,,,
restaurant,"Athens Cantina",Local,$$$$,"456 Food Ave, Athens",3.7,Athens,,,
restaurant,"Sunset American Café",American,$,"456 Food Ave, Rome",3,Rome,,,
restaurant,"The Rustic Thai Steakhouse",Thai,$$,"456 Food Ave, Dubai",4.7,Dubai,,,
restaurant,"Blue Mediterranean Tavern",Mediterranean,$$,"456 Food Ave, Beijing",4.7,Beijing,,,
restaurant,"Blue Japanese Cantina",Japanese,$$$$,"456 Food Ave, Barcelona",4.1,Barcelona,,,
restaurant,"Rio de Janeiro Brasserie",Thai,$,"456 Food Ave, Rio de Janeiro",4.4,"Rio de Janeiro",,,
restaurant,"Grand Italian Steakhouse",Italian,$$$,"456 Food Ave, Munich",4.2,Munich,,,
restaurant,"Red Indian Brasserie",Indian,$$$$,"456 Food Ave, Los Angeles",3.9,"Los Angeles",,,
restaurant,"Dubai Trattoria",Mediterranean,$$,"456 Food Ave, Dubai",3.8,Dubai,,,
restaurant,"Blue Local Bistro",Local,$$,"456 Food Ave, Johannesburg",3.4,Johannesburg,,,
restaurant,"Grand Thai Osteria",Thai,$$$,"456 Food Ave, New York",3.7,"New York",,,
restaurant,"Ocean Mediterranean Osteria",Mediterranean,$$$,"456 Food Ave, Paris",3.8,Paris,,,
restaurant,"Amsterdam Grill",Thai,$,"456 Food Ave, Amsterdam",4.6,Amsterdam,,,
restaurant,"Ocean Thai Steakhouse",Thai,$$$,"456 Food Ave, Shanghai",4.2,Shanghai,,,
restaurant,"Ocean Italian Grill",Italian,$$,"456 Food Ave, Marrakech",4.1,Marrakech,,,
restaurant,"Miami Izakaya",Japanese,$,"456 Food Ave, Miami",3.3,Miami,,,
restaurant,"Cairo Steakhouse",Indian,$$$,"456 Food Ave, Cairo",4.2,Cairo,,,
restaurant,"Paris Izakaya",Mexican,$$,"456 Food Ave, Paris",4.7,Paris,,,
restaurant,"Sunset Local Trattoria",Local,$$$,"456 Food Ave, Mumbai",4.7,Mumbai,,,
restaurant,"Royal Chinese Izakaya",Chinese,$,"456 Food Ave, Sydney",5,Sydney,,,
restaurant,"Cairo Cantina",Italian,$,"456 Food Ave, Cairo",4.5,Cairo,,,
restaurant,"Secret American Café",American,$$$$,"456 Food Ave, Chicago",5,Chicago,,,
restaurant,"Nairobi Tavern",French,$,"456 Food Ave, Nairobi",4.1,Nairobi,,,
restaurant,"Grand American Bistro",American,$$$,"456 Food Ave, Buenos Aires",4.5,"Buenos Aires",,,
restaurant,"Prague Osteria",French,$,"456 Food Ave, Prague",4.6,Prague,,,
restaurant,"Royal Mediterranean Brasserie",Mediterranean,$$,"456 Food Ave, Miami",4.4,Miami,,,
restaurant,"Edinburgh Trattoria",Japanese,$$,"456 Food Ave, Edinburgh",3.8,Edinburgh,,,
restaurant,"Blue Mediterranean Cantina",Mediterranean,$,"456 Food Ave, Vancouver",4.7,Vancouver,,,
restaurant,"Sunset Mediterranean Café",Mediterranean,$$$$,"456 Food Ave, Lagos",5,Lagos,,,
restaurant,"Grand French Tavern",French,$$$$,"456 Food Ave, Munich",4,Munich,,,
restaurant,"Royal American Bistro",American,$,"456 Food Ave, New Delhi",4.9,"New Delhi",,,
restaurant,"Lima Osteria",Mediterranean,$$,"456 Food Ave, Lima",4.7,Lima,,,
restaurant,"Ocean Italian Bistro",Italian,$$,"456 Food Ave, Mumbai",4.4,Mumbai,,,
restaurant,"Bangkok Trattoria",French,$,"456 Food Ave, Bangkok",3.4,Bangkok,,,
restaurant,"The Rustic Chinese Café",Chinese,$$$$,"456 Food Ave, Dublin",3.7,Dublin,,,
restaurant,"Blue American Bistro",American,$$$,"456 Food Ave, Lagos",4,Lagos,,,
restaurant,"The Golden Indian Bistro",Indian,$$,"456 Food Ave, Munich",4.4,Munich,,,
restaurant,"Vancouver Steakhouse",Mexican,$$$,"456 Food Ave, Vancouver",3.4,Vancouver,,,
restaurant,"Royal American Izakaya",American,$$$$,"456 Food Ave, Lima",4.3,Lima,,,
restaurant,"Vancouver Brasserie",Chinese,$$,"456 Food Ave, Vancouver",3.1,Vancouver,,,
restaurant,"Barcelona Trattoria",Local,$,"456 Food Ave, Barcelona",4.2,Barcelona,,,
restaurant,"The Rustic Chinese Cantina",Chinese,$$,"456 Food Ave, Lagos",4.1,Lagos,,,
restaurant,"Red Chinese Cantina",Chinese,$$$$,"456 Food Ave, Singapore",3.3,Singapore,,,
restaurant,"Dubai Steakhouse",American,$$,"456 Food Ave, Dubai",3.8,Dubai,,,
restaurant,"Blue Italian Steakhouse",Italian,$$$,"456 Food Ave, Los Angeles",4.6,"Los Angeles",,,
restaurant,"The Rustic Mexican Café",Mexican,$$$,"456 Food Ave, London",3.6,London,,,
restaurant,"Red American Tavern",American,$$$$,"456 Food Ave, Vienna",4,Vienna,,,
restaurant,"Little Indian Cantina",Indian,$$,"456 Food Ave, Singapore",3.9,Singapore,,,
restaurant,"Auckland Bistro",French,$,"456 Food Ave, Auckland",4.2,Auckland,,,
restaurant,"Grand Thai Tavern",Thai,$$$,"456 Food Ave, Tokyo",4.6,Tokyo,,,
restaurant,"Sunset Local Cantina",Local,$,"456 Food Ave, Marrakech",4.8,Marrakech,,,
restaurant,"Grand French Bistro",French,$$$$,"456 Food Ave, Hong Kong",4.5,"Hong Kong",,,
restaurant,"Secret Mediterranean Brasserie",Mediterranean,$,"456 Food Ave, Lima",3.7,Lima,,,
restaurant,"Jakarta Trattoria",Thai,$,"456 Food Ave, Jakarta",3.7,Jakarta,,,
restaurant,"Buenos Aires Café",Local,$$$$,"456 Food Ave, Buenos Aires",4.5,"Buenos Aires",,,
restaurant,"Blue Mediterranean Tavern",Mediterranean,$$$,"456 Food Ave, Barcelona",4.9,Barcelona,,,
restaurant,"Red Japanese Tavern",Japanese,$$,"456 Food Ave, Vienna",4.1,Vienna,,,
restaurant,"Ocean Thai Bistro",Thai,$$$$,"456 Food Ave, Marrakech",5,Marrakech,,,
restaurant,"Sunset Local Osteria",Local,$$,"456 Food Ave, Prague",4.9,Prague,,,
restaurant,"Ocean American Trattoria",American,$,"456 Food Ave, Istanbul",4.5,Istanbul,,,
restaurant,"Royal Mediterranean Café",Mediterranean,$$,"456 Food Ave, Amsterdam",4.9,Amsterdam,,,
restaurant,"Red American Izakaya",American,$$$,"456 Food Ave, Vancouver",3.6,Vancouver,,,
restaurant,"Shanghai Izakaya",Thai,$,"456 Food Ave, Shanghai",4.3,Shanghai,,,
restaurant,"Little Thai Trattoria",Thai,$,"456 Food Ave, Istanbul",5,Istanbul,,,
restaurant,"The Rustic American Café",American,$$$$,"456 Food Ave, Tokyo",3.4,Tokyo,,,
restaurant,"The Golden American Bistro",American,$$,"456 Food Ave, Madrid",3.7,Madrid,,,
restaurant,"Istanbul Trattoria",Japanese,$$,"456 Food Ave, Istanbul",4.4,Istanbul,,,
restaurant,"Chicago Bistro",Chinese,$,"456 Food Ave, Chicago",4.7,Chicago,,,
restaurant,"Buenos Aires Trattoria",French,$$$$,"456 Food Ave, Buenos Aires",4.5,"Buenos Aires",,,
restaurant,"Little Chinese Trattoria",Chinese,$$$$,"456 Food Ave, Paris",3.3,Paris,,,
restaurant,"Red American Tavern",American,$$,"456 Food Ave, Barcelona",4.6,Barcelona,,,
restaurant,"Royal Thai Osteria",Thai,$$$$,"456 Food Ave, Buenos Aires",4.8,"Buenos Aires",,,
restaurant,"Istanbul Tavern",Thai,$,"456 Food Ave, Istanbul",4.1,Istanbul,,,
restaurant,"Blue American Osteria",American,$$$,"456 Food Ave, Dublin",4.5,Dublin,,,
restaurant,"Mexico City Cantina",Local,$$$$,"456 Food Ave, Mexico City",3.8,"Mexico City",,,
restaurant,"Jakarta Cantina",French,$$$,"456 Food Ave, Jakarta",5,Jakarta,,,
restaurant,"Royal Thai Osteria",Thai,$,"456 Food Ave, Athens",4,Athens,,,
restaurant,"Cairo Grill",Indian,$$$,"456 Food Ave, Cairo",4,Cairo,,,
restaurant,"Cairo Café",Indian,$,"456 Food Ave, Cairo",5,Cairo,,,
restaurant,"Ocean Italian Izakaya",Italian,$$,"456 Food Ave, Kuala Lumpur",4.8,"Kuala Lumpur",,,
restaurant,"Mexico City Tavern",Japanese,$$,"456 Food Ave, Mexico City",4.5,"Mexico City",,,
restaurant,"Little Chinese Izakaya",Chinese,$$$,"456 Food Ave, Shanghai",4.3,Shanghai,,,
restaurant,"Sunset Italian Cantina",Italian,$,"456 Food Ave, Auckland",3.4,Auckland,,,
restaurant,"Blue American Grill",American,$$$$,"456 Food Ave, Beijing",4.5,Beijing,,,
restaurant,"Royal Indian Brasserie",Indian,$$$$,"456 Food Ave, Mumbai",4.7,Mumbai,,,
restaurant,"Blue Mexican Cantina",Mexican,$$,"456 Food Ave, Vancouver",4.1,Vancouver,,,
restaurant,"Nairobi Grill",Local,$$$$,"456 Food Ave, Nairobi",3,Nairobi,,,
restaurant,"Blue Mediterranean Cantina",Mediterranean,$$$,"456 Food Ave, Edinburgh",3.7,Edinburgh,,,
restaurant,"Reykjavik Osteria",Thai,$$,"456 Food Ave, Reykjavik",3,Reykjavik,,,
restaurant,"Blue Italian Café",Italian,$,"456 Food Ave, Toronto",5,Toronto,,,
restaurant,"Little Mexican Izakaya",Mexican,$$$$,"456 Food Ave, Lima",3.5,Lima,,,
restaurant,"Grand French Tavern",French,$$$,"456 Food Ave, San Francisco",3.7,"San Francisco",,,
restaurant,"Red Italian Steakhouse",Italian,$,"456 Food Ave, Kuala Lumpur",4.7,"Kuala Lumpur",,,
restaurant,"Seoul Trattoria",Thai,$$$$,"456 Food Ave, Seoul",3.6,Seoul,,,
restaurant,"The Golden Japanese Tavern",Japanese,$$,"456 Food Ave, Reykjavik",4.4,Reykjavik,,,
restaurant,"Grand Local Tavern",Local,$$$,"456 Food Ave, Munich",3.4,Munich,,,
restaurant,"Ocean American Cantina",American,$$,"456 Food Ave, Lagos",3.3,Lagos,,,
restaurant,"Little Indian Izakaya",Indian,$,"456 Food Ave, Chicago",4,Chicago,,,
restaurant,"San Francisco Tavern",Japanese,$,"456 Food Ave, San Francisco",3.2,"San Francisco",,,
restaurant,"Cairo Brasserie",Mexican,$$$$,"456 Food Ave, Cairo",4.2,Cairo,,,
restaurant,"Little Thai Cantina",Thai,$$$,"456 Food Ave, Beijing",4.4,Beijing,,,
restaurant,"The Golden Indian Brasserie",Indian,$$$,"456 Food Ave, Honolulu",3.9,Honolulu,,,
restaurant,"Toronto Brasserie",French,$$$,"456 Food Ave, Toronto",3.5,Toronto,,,
restaurant,"Royal Indian Tavern",Indian,$$$,"456 Food Ave, Miami",3.9,Miami,,,
restaurant,"Johannesburg Bistro",Mexican,$,"456 Food Ave, Johannesburg",3.2,Johannesburg,,,
restaurant,"Red Thai Steakhouse",Thai,$$$,"456 Food Ave, Beijing",4.6,Beijing,,,
restaurant,"Ocean Chinese Tavern",Chinese,$$$,"456 Food Ave, Amsterdam",3.8,Amsterdam,,,
restaurant,"Chicago Tavern",Local,$$$,"456 Food Ave, Chicago",3.7,Chicago,,,
restaurant,"Grand Italian Trattoria",Italian,$$,"456 Food Ave, Vienna",4.5,Vienna,,,
restaurant,"The Rustic French Brasserie",French,$$$$,"456 Food Ave, Jakarta",4.7,Jakarta,,,
restaurant,"Munich Grill",American,$$,"456 Food Ave, Munich",4,Munich,,,
restaurant,"Munich Café",Japanese,$,"456 Food Ave, Munich",3.6,Munich,,,
restaurant,"Grand Thai Izakaya",Thai,$$$,"456 Food Ave, Dublin",5,Dublin,,,
restaurant,"Dublin Izakaya",Mediterranean,$$$$,"456 Food Ave, Dublin",3.4,Dublin,,,
restaurant,"Marrakech Tavern",Mediterranean,$$,"456 Food Ave, Marrakech",4.1,Marrakech,,,
restaurant,"Little Mediterranean Osteria",Mediterranean,$$$,"456 Food Ave, Lagos",4.8,Lagos,,,
restaurant,"Little Indian Bistro",Indian,$,"456 Food Ave, Budapest",3.4,Budapest,,,
restaurant,"Sunset Italian Tavern",Italian,$$,"456 Food Ave, Seoul",4.8,Seoul,,,
restaurant,"The Rustic Japanese Izakaya",Japanese,$$$$,"456 Food Ave, Munich",3.5,Munich,,,
restaurant,"Rio de Janeiro Cantina",Mexican,$,"456 Food Ave, Rio de Janeiro",3.7,"Rio de Janeiro",,,
restaurant,"The Golden French Osteria",French,$$$$,"456 Food Ave, Marrakech",3.5,Marrakech,,,
restaurant,"Secret French Brasserie",French,$$$$,"456 Food Ave, San Francisco",5,"San Francisco",,,
restaurant,"The Rustic Mediterranean Café",Mediterranean,$$$$,"456 Food Ave, Tokyo",4.9,Tokyo,,,
restaurant,"Ocean Japanese Bistro",Japanese,$$$$,"456 Food Ave, Lima",4.7,Lima,,,
restaurant,"The Rustic Japanese Trattoria",Japanese,$$$$,"456 Food Ave, Miami",4.9,Miami,,,
restaurant,"Ocean Mexican Café",Mexican,$$$,"456 Food Ave, Amsterdam",3.8,Amsterdam,,,
restaurant,"Little American Bistro",American,$$,"456 Food Ave, London",4.8,London,,,
restaurant,"Ocean Japanese Tavern",Japanese,$$$$,"456 Food Ave, Madrid",4.7,Madrid,,,
restaurant,"Sunset Italian Cantina",Italian,$$$$,"456 Food Ave, Tokyo",4,Tokyo,,,
restaurant,"Rio de Janeiro Trattoria",Chinese,$$$$,"456 Food Ave, Rio de Janeiro",4.8,"Rio de Janeiro",,,
restaurant,"Los Angeles Cantina",Thai,$$$$,"456 Food Ave, Los Angeles",4.3,"Los Angeles",,,
restaurant,"Toronto Osteria",American,$$$,"456 Food Ave, Toronto",4.2,Toronto,,,
restaurant,"Secret Japanese Bistro",Japanese,$$,"456 Food Ave, Singapore",4.1,Singapore,,,
restaurant,"Bangkok Grill",French,$$$$,"456 Food Ave, Bangkok",4,Bangkok,,,
restaurant,"Red Thai Brasserie",Thai,$$,"456 Food Ave, Rome",3.1,Rome,,,
restaurant,"Little French Tavern",French,$$$,"456 Food Ave, Marrakech",4.8,Marrakech,,,
restaurant,"Dublin Grill",Chinese,$,"456 Food Ave, Dublin",4.6,Dublin,,,
restaurant,"Budapest Steakhouse",Mediterranean,$,"456 Food Ave, Budapest",4.7,Budapest,,,
restaurant,"Grand Chinese Bistro",Chinese,$$$,"456 Food Ave, Dubai",4,Dubai,,,
restaurant,"Miami Tavern",Japanese,$$$$,"456 Food Ave, Miami",3,Miami,,,
restaurant,"Cairo Grill",Japanese,$$$$,"456 Food Ave, Cairo",3.5,Cairo,,,
restaurant,"Grand Local Trattoria",Local,$,"456 Food Ave, Vancouver",4.5,Vancouver,,,
restaurant,"Little American Cantina",American,$$,"456 Food Ave, Toronto",5,Toronto,,,
restaurant,"Ocean Mexican Cantina",Mexican,$,"456 Food Ave, Seoul",4.4,Seoul,,,
restaurant,"Ocean Japanese Izakaya",Japanese,$$,"456 Food Ave, Munich",3.1,Munich,,,
restaurant,"Jakarta Trattoria",Indian,$$$,"456 Food Ave, Jakarta",4.9,Jakarta,,,
restaurant,"Red Thai Trattoria",Thai,$$$$,"456 Food Ave, Sydney",5,Sydney,,,
restaurant,"The Rustic Mediterranean Café",Mediterranean,$$$,"456 Food Ave, Dubai",3.1,Dubai,,,
restaurant,"Ocean Chinese Steakhouse",Chinese,$$,"456 Food Ave, Hong Kong",4.6,"Hong Kong",,,
restaurant,"The Rustic Mexican Café",Mexican,$$$,"456 Food Ave, Madrid",4.7,Madrid,,,
restaurant,"Blue Chinese Osteria",Chinese,$$,"456 Food Ave, Madrid",4,Madrid,,,
restaurant,"Royal Local Tavern",Local,$,"456 Food Ave, Lima",4,Lima,,,
restaurant,"The Rustic Japanese Izakaya",Japanese,$$$$,"456 Food Ave, Buenos Aires",4.2,"Buenos Aires",,,
restaurant,"Little Thai Osteria",Thai,$$$$,"456 Food Ave, Mexico City",4.7,"Mexico City",,,
restaurant,"Royal Mediterranean Osteria",Mediterranean,$$,"456 Food Ave, Hong Kong",4.2,"Hong Kong",,,
restaurant,"Miami Steakhouse",Local,$$$,"456 Food Ave, Miami",4.5,Miami,,,
restaurant,"Johannesburg Bistro",French,$,"456 Food Ave, Johannesburg",3.3,Johannesburg,,,
restaurant,"Secret French Bistro",French,$$$$,"456 Food Ave, Johannesburg",4,Johannesburg,,,
restaurant,"Ocean French Izakaya",French,$$$,"456 Food Ave, Amsterdam",3.1,Amsterdam,,,
restaurant,"New Delhi Tavern",Japanese,$,"456 Food Ave, New Delhi",4.7,"New Delhi",,,
restaurant,"Munich Bistro",French,$$,"456 Food Ave, Munich",5,Munich,,,
restaurant,"Singapore Osteria",Italian,$,"456 Food Ave, Singapore",4.8,Singapore,,,
restaurant,"Buenos Aires Grill",Italian,$,"456 Food Ave, Buenos Aires",3.4,"Buenos Aires",,,
restaurant,"Berlin Izakaya",Italian,$$,"456 Food Ave, Berlin",4.2,Berlin,,,
restaurant,"Sunset Italian Cantina",Italian,$$,"456 Food Ave, Bangkok",5,Bangkok,,,
restaurant,"Secret Italian Trattoria",Italian,$$$,"456 Food Ave, Bogota",5,Bogota,,,
restaurant,"Grand Mediterranean Bistro",Mediterranean,$$$,"456 Food Ave, Melbourne",3.3,Melbourne,,,
restaurant,"Sunset Thai Trattoria",Thai,$$$,"456 Food Ave, Paris",3.6,Paris,,,
restaurant,"Singapore Trattoria",American,$$$$,"456 Food Ave, Singapore",4.8,Singapore,,,
restaurant,"Royal Japanese Brasserie",Japanese,$$,"456 Food Ave, Kuala Lumpur",3.9,"Kuala Lumpur",,,
restaurant,"Sunset Japanese Brasserie",Japanese,$,"456 Food Ave, Prague",3.4,Prague,,,
restaurant,"New Delhi Café",French,$,"456 Food Ave, New Delhi",3.4,"New Delhi",,,
restaurant,"Royal Mexican Osteria",Mexican,$$$$,"456 Food Ave, Toronto",3.5,Toronto,,,
restaurant,"The Rustic Mediterranean Cantina",Mediterranean,$$,"456 Food Ave, New York",3,"New York",,,
restaurant,"Sunset American Tavern",American,$$,"456 Food Ave, Nairobi",3.1,Nairobi,,,
restaurant,"Blue Local Café",Local,$$$$,"456 Food Ave, Athens",4.4,Athens,,,
restaurant,"Sunset American Brasserie",American,$$$,"456 Food Ave, Vienna",3.6,Vienna,,,
restaurant,"Rio de Janeiro Grill",Italian,$,"456 Food Ave, Rio de Janeiro",4.6,"Rio de Janeiro",,,
restaurant,"Secret Mediterranean Bistro",Mediterranean,$$$$,"456 Food Ave, San Francisco",3,"San Francisco",,,
restaurant,"The Rustic Chinese Trattoria",Chinese,$,"456 Food Ave, Kuala Lumpur",4.1,"Kuala Lumpur",,,
restaurant,"Grand Mexican Café",Mexican,$$,"456 Food Ave, Buenos Aires",4.7,"Buenos Aires",,,
restaurant,"Ocean Chinese Grill",Chinese,$$$,"456 Food Ave, Johannesburg",3,Johannesburg,,,
restaurant,"Blue Mexican Brasserie",Mexican,$$$,"456 Food Ave, Edinburgh",3.8,Edinburgh,,,
restaurant,"Royal Indian Brasserie",Indian,$,"456 Food Ave, New York",3,"New York",,,
restaurant,"Blue Chinese Trattoria",Chinese,$,"456 Food Ave, Vancouver",3.8,Vancouver,,,
restaurant,"Red Italian Steakhouse",Italian,$$$,"456 Food Ave, Reykjavik",4,Reykjavik,,,
restaurant,"Rio de Janeiro Bistro",Chinese,$$,"456 Food Ave, Rio de Janeiro",4.6,"Rio de Janeiro",,,
restaurant,"San Francisco Brasserie",Mediterranean,$$$,"456 Food Ave, San Francisco",4.7,"San Francisco",,,
restaurant,"Royal Mediterranean Bistro",Mediterranean,$$,"456 Food Ave, Shanghai",4.5,Shanghai,,,
restaurant,"Sunset Italian Cantina",Italian,$$$,"456 Food Ave, Beijing",3.5,Beijing,,,
restaurant,"Ocean Mexican Tavern",Mexican,$$,"456 Food Ave, Amsterdam",4.1,Amsterdam,,,
restaurant,"Ocean Mexican Osteria",Mexican,$,"456 Food Ave, Cairo",3.4,Cairo,,,
restaurant,"Mexico City Trattoria",Italian,$$,"456 Food Ave, Mexico City",3.6,"Mexico City",,,
restaurant,"New Delhi Steakhouse",Italian,$$,"456 Food Ave, New Delhi",3.5,"New Delhi",,,
restaurant,"Ocean Italian Bistro",Italian,$,"456 Food Ave, Edinburgh",4.6,Edinburgh,,,
restaurant,"Paris Brasserie",French,$$$,"456 Food Ave, Paris",3,Paris,,,
restaurant,"Marrakech Bistro",Japanese,$$$,"456 Food Ave, Marrakech",3.4,Marrakech,,,
restaurant,"The Rustic Indian Bistro",Indian,$$$$,"456 Food Ave, Singapore",4.3,Singapore,,,
restaurant,"Grand French Steakhouse",French,$$$,"456 Food Ave, Athens",5,Athens,,,
restaurant,"The Golden American Osteria",American,$$$$,"456 Food Ave, Miami",3.7,Miami,,,
restaurant,"The Rustic American Izakaya",American,$$,"456 Food Ave, Los Angeles",4.9,"Los Angeles",,,
restaurant,"Ocean Mexican Osteria",Mexican,$,"456 Food Ave, Cairo",3.2,Cairo,,,
restaurant,"The Golden Chinese Osteria",Chinese,$$,"456 Food Ave, Munich",3.6,Munich,,,
restaurant,"Athens Brasserie",Thai,$$$$,"456 Food Ave, Athens",4.5,Athens,,,
restaurant,"Blue Mexican Café",Mexican,$$,"456 Food Ave, Dublin",4.9,Dublin,,,
restaurant,"Dubai Osteria",Local,$$$,"456 Food Ave, Dubai",4.3,Dubai,,,
restaurant,"Honolulu Cantina",Local,$$$,"456 Food Ave, Honolulu",4,Honolulu,,,
restaurant,"The Rustic Mexican Trattoria",Mexican,$$$$,"456 Food Ave, New York",3.2,"New York",,,
restaurant,"Seoul Izakaya",Chinese,$$$,"456 Food Ave, Seoul",3.4,Seoul,,,
restaurant,"Secret Mexican Bistro",Mexican,$$,"456 Food Ave, New York",3.5,"New York",,,
restaurant,"Sunset Chinese Café",Chinese,$$$,"456 Food Ave, Kuala Lumpur",3.9,"Kuala Lumpur",,,
restaurant,"Nairobi Osteria",Thai,$$$,"456 Food Ave, Nairobi",4.2,Nairobi,,,
restaurant,"The Rustic Indian Bistro",Indian,$$$,"456 Food Ave, Dublin",3.5,Dublin,,,
restaurant,"Blue Local Trattoria",Local,$$,"456 Food Ave, Rome",4.4,Rome,,,
restaurant,"Dublin Café",Japanese,$$$,"456 Food Ave, Dublin",3.6,Dublin,,,
restaurant,"Beijing Brasserie",Thai,$$$$,"456 Food Ave, Beijing",3.7,Beijing,,,
restaurant,"The Rustic Chinese Bistro",Chinese,$$$,"456 Food Ave, Barcelona",3.8,Barcelona,,,
restaurant,"Blue Mediterranean Grill",Mediterranean,$$,"456 Food Ave, Johannesburg",3.5,Johannesburg,,,
restaurant,"Ocean Japanese Grill",Japanese,$$,"456 Food Ave, Berlin",4.1,Berlin,,,
restaurant,"Toronto Tavern",Chinese,$$$$,"456 Food Ave, Toronto",5,Toronto,,,
restaurant,"Blue French Tavern",French,$,"456 Food Ave, Lima",3.4,Lima,,,
restaurant,"Sunset Local Grill",Local,$$$,"456 Food Ave, Miami",4.2,Miami,,,
restaurant,"Secret Japanese Cantina",Japanese,$$,"456 Food Ave, Marrakech",3.5,Marrakech,,,
restaurant,"The Golden Mexican Trattoria",Mexican,$$$,"456 Food Ave, Munich",5,Munich,,,
restaurant,"The Rustic Mediterranean Café",Mediterranean,$$$,"456 Food Ave, Cape Town",4.9,"Cape Town",,,
restaurant,"Grand American Grill",American,$,"456 Food Ave, Mumbai",3.9,Mumbai,,,
restaurant,"The Golden Chinese Cantina",Chinese,$$$$,"456 Food Ave, Vancouver",3.9,Vancouver,,,
restaurant,"Honolulu Osteria",Mediterranean,$$,"456 Food Ave, Honolulu",3.9,Honolulu,,,
restaurant,"Kuala Lumpur Brasserie",Japanese,$,"456 Food Ave, Kuala Lumpur",3.1,"Kuala Lumpur",,,
restaurant,"Royal French Brasserie",French,$$$$,"456 Food Ave, Buenos Aires",3.4,"Buenos Aires",,,
restaurant,"The Rustic American Steakhouse",American,$$,"456 Food Ave, Miami",5,Miami,,,
restaurant,"Red Indian Cantina",Indian,$$$$,"456 Food Ave, Beijing",3.3,Beijing,,,
restaurant,"Honolulu Cantina",Local,$$,"456 Food Ave, Honolulu",5,Honolulu,,,
restaurant,"Lima Café",Mediterranean,$$$$,"456 Food Ave, Lima",4.4,Lima,,,
restaurant,"Sunset Chinese Café",Chinese,$$,"456 Food Ave, Berlin",3.5,Berlin,,,
restaurant,"New York Osteria",Japanese,$,"456 Food Ave, New York",3,"New York",,,
restaurant,"Madrid Bistro",Chinese,$$,"456 Food Ave, Madrid",3.2,Madrid,,,
restaurant,"Red Local Trattoria",Local,$$$$,"456 Food Ave, New York",3.6,"New York",,,
restaurant,"Red Chinese Trattoria",Chinese,$,"456 Food Ave, Prague",4.2,Prague,,,
restaurant,"New York Osteria",Japanese,$$,"456 Food Ave, New York",4.9,"New York",,,
restaurant,"Red Mexican Izakaya",Mexican,$,"456 Food Ave, Rio de Janeiro",4,"Rio de Janeiro",,,
restaurant,"The Rustic Chinese Osteria",Chinese,$,"456 Food Ave, London",4.2,London,,,
restaurant,"Royal Mediterranean Café",Mediterranean,$,"456 Food Ave, Prague",4.1,Prague,,,
restaurant,"Ocean Mexican Izakaya",Mexican,$$$$,"456 Food Ave, Hong Kong",4.1,"Hong Kong",,,
restaurant,"Los Angeles Brasserie",French,$,"456 Food Ave, Los Angeles",4.4,"Los Angeles",,,
restaurant,"Royal French Steakhouse",French,$$,"456 Food Ave, Amsterdam",4.2,Amsterdam,,,
restaurant,"Blue Chinese Izakaya",Chinese,$$$$,"456 Food Ave, Marrakech",4.8,Marrakech,,,
restaurant,"New Delhi Café",Indian,$$$$,"456 Food Ave, New Delhi",4.8,"New Delhi",,,
restaurant,"Melbourne Trattoria",Mediterranean,$$,"456 Food Ave, Melbourne",4.1,Melbourne,,,
restaurant,"Johannesburg Bistro",French,$$$,"456 Food Ave, Johannesburg",4.7,Johannesburg,,,
restaurant,"Cairo Grill",Mediterranean,$$$,"456 Food Ave, Cairo",4,Cairo,,,
restaurant,"The Rustic French Osteria",French,$$$,"456 Food Ave, Athens",3.8,Athens,,,
restaurant,"Red Mexican Trattoria",Mexican,$$,"456 Food Ave, Marrakech",3.2,Marrakech,,,
restaurant,"London Bistro",French,$$,"456 Food Ave, London",3.1,London,,,
restaurant,"Blue Italian Trattoria",Italian,$$,"456 Food Ave, Munich",3,Munich,,,
restaurant,"Little Mediterranean Trattoria",Mediterranean,$$,"456 Food Ave, Prague",3.1,Prague,,,
restaurant,"Reykjavik Osteria",Mediterranean,$$$$,"456 Food Ave, Reykjavik",4.9,Reykjavik,,,
restaurant,"Red American Osteria",American,$,"456 Food Ave, Seoul",3.5,Seoul,,,
restaurant,"The Golden Chinese Brasserie",Chinese,$$$,"456 Food Ave, Prague",4.3,Prague,,,
restaurant,"Little Local Steakhouse",Local,$$,"456 Food Ave, Johannesburg",3.6,Johannesburg,,,
restaurant,"Red Indian Steakhouse",Indian,$$$,"456 Food Ave, Mumbai",3.4,Mumbai,,,
restaurant,"Ocean Italian Trattoria",Italian,$$$,"456 Food Ave, Lagos",3.1,Lagos,,,
restaurant,"Secret French Trattoria",French,$$,"456 Food Ave, Dublin",4,Dublin,,,
restaurant,"Grand American Izakaya",American,$$$,"456 Food Ave, Lagos",3.7,Lagos,,,
restaurant,"The Golden Mediterranean Brasserie",Mediterranean,$,"456 Food Ave, Shanghai",3.6,Shanghai,,,
restaurant,"Grand Chinese Bistro",Chinese,$,"456 Food Ave, Nairobi",3.3,Nairobi,,,
restaurant,"Little Local Trattoria",Local,$,"456 Food Ave, Melbourne",3.9,Melbourne,,,
restaurant,"Grand Italian Izakaya",Italian,$,"456 Food Ave, Cairo",4.6,Cairo,,,
restaurant,"Dublin Cantina",Italian,$$$,"456 Food Ave, Dublin",4.8,Dublin,,,
restaurant,"Ocean Mediterranean Grill",Mediterranean,$,"456 Food Ave, Paris",4.9,Paris,,,
restaurant,"Madrid Café",Italian,$,"456 Food Ave, Madrid",4.2,Madrid,,,
restaurant,"Little Mexican Steakhouse",Mexican,$$$,"456 Food Ave, Munich",4.1,Munich,,,
restaurant,"Mexico City Grill",French,$$$,"456 Food Ave, Mexico City",4,"Mexico City",,,
restaurant,"Secret Indian Izakaya",Indian,$$$$,"456 Food Ave, Melbourne",4.2,Melbourne,,,
restaurant,"The Rustic Thai Trattoria",Thai,$$,"456 Food Ave, Honolulu",4.1,Honolulu,,,
restaurant,"New York Osteria",American,$$$,"456 Food Ave, New York",4,"New York",,,
restaurant,"Red Local Grill",Local,$$$,"456 Food Ave, Nairobi",4.8,Nairobi,,,
restaurant,"The Rustic Mediterranean Cantina",Mediterranean,$$$$,"456 Food Ave, Chicago",3.2,Chicago,,,
restaurant,"Ocean Thai Izakaya",Thai,$,"456 Food Ave, Dubai",4.2,Dubai,,,
restaurant,"Sunset Thai Steakhouse",Thai,$$$,"456 Food Ave, Munich",4.8,Munich,,,
restaurant,"Blue American Cantina",American,$,"456 Food Ave, Sydney",3.5,Sydney,,,
restaurant,"Blue Indian Trattoria",Indian,$$$,"456 Food Ave, Cairo",4.8,Cairo,,,
restaurant,"Mexico City Trattoria",Japanese,$$$$,"456 Food Ave, Mexico City",4.2,"Mexico City",,,
restaurant,"The Golden American Tavern",American,$$,"456 Food Ave, Cairo",3.1,Cairo,,,
restaurant,"Blue Chinese Tavern",Chinese,$$$,"456 Food Ave, Paris",4.6,Paris,,,
restaurant,"Blue Italian Grill",Italian,$$,"456 Food Ave, Rome",3.2,Rome,,,
restaurant,"Little Mediterranean Café",Mediterranean,$$$$,"456 Food Ave, Mexico City",3.4,"Mexico City",,,
restaurant,"Rome Tavern",Italian,$$$,"456 Food Ave, Rome",3.9,Rome,,,
restaurant,"The Rustic American Grill",American,$$$,"456 Food Ave, Sydney",3.1,Sydney,,,
restaurant,"The Golden Japanese Grill",Japanese,$$$$,"456 Food Ave, Cape Town",4.1,"Cape Town",,,
restaurant,"Blue Chinese Cantina",Chinese,$$,"456 Food Ave, Dublin",4.8,Dublin,,,
restaurant,"New Delhi Bistro",French,$,"456 Food Ave, New Delhi",3.9,"New Delhi",,,
restaurant,"Lagos Grill",Mediterranean,$$,"456 Food Ave, Lagos",5,Lagos,,,
restaurant,"Ocean Chinese Bistro",Chinese,$,"456 Food Ave, Madrid",3.6,Madrid,,,
restaurant,"Lagos Bistro",Indian,$$$,"456 Food Ave, Lagos",4.2,Lagos,,,
restaurant,"Grand Local Bistro",Local,$$$$,"456 Food Ave, Dubai",3,Dubai,,,
restaurant,"Royal Indian Tavern",Indian,$$$$,"456 Food Ave, Hong Kong",3.3,"Hong Kong",,,
restaurant,"The Golden Japanese Cantina",Japanese,$,"456 Food Ave, Beijing",5,Beijing,,,
restaurant,"Barcelona Steakhouse",Indian,$$,"456 Food Ave, Barcelona",3.8,Barcelona,,,
restaurant,"Sunset Mexican Tavern",Mexican,$$$$,"456 Food Ave, Shanghai",3.6,Shanghai,,,
restaurant,"London Cantina",American,$$$$,"456 Food Ave, London",3.5,London,,,
restaurant,"The Golden Chinese Izakaya",Chinese,$,"456 Food Ave, Tokyo",3.1,Tokyo,,,
restaurant,"Barcelona Grill",American,$$$$,"456 Food Ave, Barcelona",5,Barcelona,,,
restaurant,"Sydney Izakaya",American,$$,"456 Food Ave, Sydney",3.2,Sydney,,,
restaurant,"Secret Chinese Osteria",Chinese,$$$$,"456 Food Ave, Rome",3.3,Rome,,,
restaurant,"Red Mexican Steakhouse",Mexican,$$$,"456 Food Ave, Mumbai",3.2,Mumbai,,,
restaurant,"Kuala Lumpur Osteria",Chinese,$,"456 Food Ave, Kuala Lumpur",3.6,"Kuala Lumpur",,,
restaurant,"Ocean Local Tavern",Local,$,"456 Food Ave, San Francisco",4.1,"San Francisco",,,
restaurant,"New Delhi Bistro",French,$$,"456 Food Ave, New Delhi",4.3,"New Delhi",,,
restaurant,"Royal Mexican Bistro",Mexican,$$$$,"456 Food Ave, Beijing",3.4,Beijing,,,
restaurant,"Johannesburg Bistro",Chinese,$$$$,"456 Food Ave, Johannesburg",3.1,Johannesburg,,,
restaurant,"Miami Steakhouse",Indian,$$$,"456 Food Ave, Miami",3.4,Miami,,,
restaurant,"Dublin Izakaya",French,$$$,"456 Food Ave, Dublin",4.9,Dublin,,,
restaurant,"Mexico City Cantina",Italian,$$,"456 Food Ave, Mexico City",3.9,"Mexico City",,,
restaurant,"Grand American Cantina",American,$$$,"456 Food Ave, Kuala Lumpur",3.9,"Kuala Lumpur",,,
restaurant,"Ocean Chinese Brasserie",Chinese,$$$,"456 Food Ave, Dubai",4.1,Dubai,,,
restaurant,"Sydney Tavern",Mexican,$,"456 Food Ave, Sydney",4.3,Sydney,,,
restaurant,"Dublin Bistro",Mexican,$,"456 Food Ave, Dublin",3.6,Dublin,,,
restaurant,"Secret French Tavern",French,$$$$,"456 Food Ave, Bangkok",4.9,Bangkok,,,
restaurant,"Ocean Italian Café",Italian,$$$$,"456 Food Ave, Auckland",3.3,Auckland,,,
restaurant,"Blue Italian Café",Italian,$$$$,"456 Food Ave, Rio de Janeiro",4.4,"Rio de Janeiro",,,
restaurant,"The Rustic French Bistro",French,$$$$,"456 Food Ave, London",3.1,London,,,
restaurant,"Red French Bistro",French,$,"456 Food Ave, San Francisco",3.2,"San Francisco",,,
restaurant,"Red American Bistro",American,$$,"456 Food Ave, Lima",4.9,Lima,,,
restaurant,"Edinburgh Tavern",Thai,$$,"456 Food Ave, Edinburgh",4.9,Edinburgh,,,
restaurant,"Edinburgh Cantina",French,$,"456 Food Ave, Edinburgh",3.8,Edinburgh,,,
restaurant,"The Rustic Local Cantina",Local,$$$,"456 Food Ave, Barcelona",3.2,Barcelona,,,
restaurant,"The Golden Chinese Bistro",Chinese,$$,"456 Food Ave, Athens",3.4,Athens,,,
restaurant,"The Golden Chinese Brasserie",Chinese,$,"456 Food Ave, Reykjavik",3.8,Reykjavik,,,
restaurant,"Little Mexican Izakaya",Mexican,$$,"456 Food Ave, Bogota",4.3,Bogota,,,
restaurant,"Blue Local Grill",Local,$$$,"456 Food Ave, Prague",3.1,Prague,,,
restaurant,"Red Chinese Bistro",Chinese,$$$$,"456 Food Ave, Marrakech",3.3,Marrakech,,,
restaurant,"Little Italian Cantina",Italian,$$$,"456 Food Ave, Tokyo",3.6,Tokyo,,,
restaurant,"Grand Thai Steakhouse",Thai,$$$$,"456 Food Ave, Mumbai",3.8,Mumbai,,,
restaurant,"Grand Chinese Brasserie",Chinese,$$,"456 Food Ave, Honolulu",4.9,Honolulu,,,
restaurant,"Ocean French Tavern",French,$,"456 Food Ave, Shanghai",4.1,Shanghai,,,
restaurant,"Reykjavik Izakaya",Thai,$$$$,"456 Food Ave, Reykjavik",3.5,Reykjavik,,,
restaurant,"Red Local Izakaya",Local,$$,"456 Food Ave, Honolulu",4.2,Honolulu,,,
restaurant,"Secret Mexican Cantina",Mexican,$$,"456 Food Ave, Munich",3,Munich,,,
restaurant,"Little Japanese Tavern",Japanese,$$,"456 Food Ave, Singapore",4.8,Singapore,,,
restaurant,"Grand French Grill",French,$$$$,"456 Food Ave, Chicago",5,Chicago,,,
restaurant,"Little French Izakaya",French,$$,"456 Food Ave, Amsterdam",3.9,Amsterdam,,,
restaurant,"Honolulu Steakhouse",Japanese,$,"456 Food Ave, Honolulu",3.3,Honolulu,,,
restaurant,"Little Indian Brasserie",Indian,$,"456 Food Ave, Marrakech",5,Marrakech,,,
restaurant,"Little Mexican Cantina",Mexican,$$$,"456 Food Ave, Mexico City",4.8,"Mexico City",,,
restaurant,"Blue American Tavern",American,$$$$,"456 Food Ave, Paris",3.9,Paris,,,
restaurant,"Little Thai Osteria",Thai,$$,"456 Food Ave, Vancouver",3.7,Vancouver,,,
restaurant,"Melbourne Bistro",Italian,$$,"456 Food Ave, Melbourne",3.3,Melbourne,,,
restaurant,"The Rustic Local Steakhouse",Local,$,"456 Food Ave, Dublin",3.9,Dublin,,,
restaurant,"Madrid Bistro",Italian,$$$$,"456 Food Ave, Madrid",4,Madrid,,,
restaurant,"Little American Tavern",American,$$$,"456 Food Ave, Beijing",4.2,Beijing,,,
restaurant,"Johannesburg Bistro",American,$$$$,"456 Food Ave, Johannesburg",3.8,Johannesburg,,,
restaurant,"The Rustic Mexican Brasserie",Mexican,$,"456 Food Ave, Dublin",4.3,Dublin,,,
restaurant,"Ocean Chinese Bistro",Chinese,$$$$,"456 Food Ave, Kuala Lumpur",3.7,"Kuala Lumpur",,,
restaurant,"Blue Indian Brasserie",Indian,$$$$,"456 Food Ave, Seoul",3.9,Seoul,,,
restaurant,"Ocean American Steakhouse",American,$$$$,"456 Food Ave, Cape Town",4.8,"Cape Town",,,
restaurant,"Bangkok Osteria",Chinese,$$,"456 Food Ave, Bangkok",3.7,Bangkok,,,
restaurant,"Blue Mediterranean Bistro",Mediterranean,$,"456 Food Ave, Prague",4.4,Prague,,,
restaurant,"Blue Mexican Trattoria",Mexican,$$$,"456 Food Ave, Jakarta",3.1,Jakarta,,,
restaurant,"Toronto Grill",French,$,"456 Food Ave, Toronto",3.6,Toronto,,,
restaurant,"Red Indian Trattoria",Indian,$$$$,"456 Food Ave, Rio de Janeiro",3.7,"Rio de Janeiro",,,
restaurant,"The Golden Japanese Izakaya",Japanese,$$$,"456 Food Ave, Seoul",4.4,Seoul,,,
restaurant,"Secret Mediterranean Steakhouse",Mediterranean,$,"456 Food Ave, Chicago",5,Chicago,,,
restaurant,"The Rustic Indian Grill",Indian,$,"456 Food Ave, Kuala Lumpur",3.2,"Kuala Lumpur",,,
restaurant,"Blue Local Cantina",Local,$$,"456 Food Ave, Athens",3.1,Athens,,,
restaurant,"Little Mexican Tavern",Mexican,$$,"456 Food Ave, London",3.8,London,,,
restaurant,"Ocean Mediterranean Café",Mediterranean,$$$$,"456 Food Ave, Bangkok",3.1,Bangkok,,,
restaurant,"Royal Thai Café",Thai,$$,"456 Food Ave, Edinburgh",4.5,Edinburgh,,,
restaurant,"New York Izakaya",Indian,$,"456 Food Ave, New York",3.8,"New York",,,
restaurant,"Red Indian Brasserie",Indian,$$$$,"456 Food Ave, New York",3.9,"New York",,,
restaurant,"Secret Local Izakaya",Local,$$,"456 Food Ave, Madrid",3.5,Madrid,,,
restaurant,"Blue French Bistro",French,$$$$,"456 Food Ave, Sydney",4,Sydney,,,
restaurant,"Little Mexican Izakaya",Mexican,$,"456 Food Ave, Budapest",3.9,Budapest,,,
restaurant,"Royal Local Bistro",Local,$,"456 Food Ave, San Francisco",3.6,"San Francisco",,,
restaurant,"Little Thai Trattoria",Thai,$$$$,"456 Food Ave, Kuala Lumpur",3.3,"Kuala Lumpur",,,
restaurant,"Nairobi Tavern",Italian,$$,"456 Food Ave, Nairobi",4.7,Nairobi,,,
restaurant,"Sunset Local Izakaya",Local,$$$,"456 Food Ave, Singapore",4.4,Singapore,,,
restaurant,"Grand Mediterranean Steakhouse",Mediterranean,$$$,"456 Food Ave, Prague",5,Prague,,,
restaurant,"The Rustic French Izakaya",French,$$$$,"456 Food Ave, Bogota",4.2,Bogota,,,
restaurant,"Barcelona Brasserie",French,$$,"456 Food Ave, Barcelona",5,Barcelona,,,
restaurant,"Bangkok Steakhouse",Local,$$$$,"456 Food Ave, Bangkok",4.3,Bangkok,,,
restaurant,"Edinburgh Tavern",Local,$,"456 Food Ave, Edinburgh",4.8,Edinburgh,,,
restaurant,"Secret French Café",French,$$$,"456 Food Ave, Mumbai",3.5,Mumbai,,,
restaurant,"Los Angeles Izakaya",Italian,$$$,"456 Food Ave, Los Angeles",3.6,"Los Angeles",,,
restaurant,"The Rustic Indian Brasserie",Indian,$$,"456 Food Ave, Chicago",5,Chicago,,,
restaurant,"Sunset Italian Trattoria",Italian,$$,"456 Food Ave, Tokyo",4.8,Tokyo,,,
restaurant,"Honolulu Brasserie",French,$$$,"456 Food Ave, Honolulu",3.5,Honolulu,,,
restaurant,"Beijing Brasserie",Chinese,$$$,"456 Food Ave, Beijing",4.5,Beijing,,,
restaurant,"Ocean Indian Osteria",Indian,$$$,"456 Food Ave, Bogota",4.3,Bogota,,,
restaurant,"The Rustic Italian Steakhouse",Italian,$$,"456 Food Ave, Athens",3.8,Athens,,,
restaurant,"Grand Chinese Steakhouse",Chinese,$,"456 Food Ave, Prague",4.3,Prague,,,
restaurant,"Royal Chinese Grill",Chinese,$$,"456 Food Ave, Rio de Janeiro",3.2,"Rio de Janeiro",,,
restaurant,"Royal Mexican Trattoria",Mexican,$$$$,"456 Food Ave, Budapest",3.8,Budapest,,,
restaurant,"Lagos Izakaya",Local,$$,"456 Food Ave, Lagos",4,Lagos,,,
restaurant,"Little American Cantina",American,$,"456 Food Ave, Hong Kong",4.8,"Hong Kong",,,
restaurant,"Little Italian Izakaya",Italian,$$$,"456 Food Ave, Paris",3,Paris,,,
restaurant,"Little Mediterranean Bistro",Mediterranean,$$$$,"456 Food Ave, Sydney",4.1,Sydney,,,
restaurant,"Bogota Tavern",Indian,$,"456 Food Ave, Bogota",4.3,Bogota,,,
restaurant,"Johannesburg Bistro",American,$$$$,"456 Food Ave, Johannesburg",4.5,Johannesburg,,,
restaurant,"Royal Mexican Cantina",Mexican,$$,"456 Food Ave, Jakarta",3,Jakarta,,,
restaurant,"Little Indian Bistro",Indian,$$$$,"456 Food Ave, Cairo",4.5,Cairo,,,
restaurant,"The Rustic Italian Grill",Italian,$$$,"456 Food Ave, Cape Town",3.6,"Cape Town",,,
restaurant,"Little American Grill",American,$,"456 Food Ave, Mexico City",4.6,"Mexico City",,,
restaurant,"Hong Kong Café",Japanese,$,"456 Food Ave, Hong Kong",3.7,"Hong Kong",,,
restaurant,"Royal Chinese Cantina",Chinese,$$$,"456 Food Ave, Istanbul",3.5,Istanbul,,,
restaurant,"Red Chinese Izakaya",Chinese,$$,"456 Food Ave, Berlin",4.2,Berlin,,,
restaurant,"Athens Trattoria",Local,$$$,"456 Food Ave, Athens",5,Athens,,,
restaurant,"Chicago Brasserie",Italian,$,"456 Food Ave, Chicago",3.6,Chicago,,,
restaurant,"Nairobi Brasserie",American,$$$,"456 Food Ave, Nairobi",4.1,Nairobi,,,
restaurant,"Sunset Chinese Trattoria",Chinese,$,"456 Food Ave, Kuala Lumpur",4.5,"Kuala Lumpur",,,
restaurant,"Chicago Café",Japanese,$$$$,"456 Food Ave, Chicago",3.8,Chicago,,,
restaurant,"Red Thai Cantina",Thai,$,"456 Food Ave, Munich",3.5,Munich,,,
restaurant,"Marrakech Izakaya",Indian,$,"456 Food Ave, Marrakech",4.8,Marrakech,,,
restaurant,"The Rustic French Tavern",French,$$,"456 Food Ave, Sydney",3.2,Sydney,,,
restaurant,"Royal American Trattoria",American,$$,"456 Food Ave, Bogota",4.1,Bogota,,,
restaurant,"Royal Mexican Bistro",Mexican,$$,"456 Food Ave, Marrakech",4.3,Marrakech,,,
restaurant,"Lagos Tavern",Indian,$$$,"456 Food Ave, Lagos",4,Lagos,,,
restaurant,"Buenos Aires Cantina",Italian,$$,"456 Food Ave, Buenos Aires",4,"Buenos Aires",,,
restaurant,"Red Mexican Café",Mexican,$$$,"456 Food Ave, Lagos",3.2,Lagos,,,
restaurant,"Buenos Aires Izakaya",Mediterranean,$$,"456 Food Ave, Buenos Aires",4.4,"Buenos Aires",,,
restaurant,"Red Local Café",Local,$$,"456 Food Ave, Singapore",4,Singapore,,,
restaurant,"The Golden Local Brasserie",Local,$$,"456 Food Ave, Istanbul",5,Istanbul,,,
restaurant,"Munich Trattoria",Indian,$$$$,"456 Food Ave, Munich",3.9,Munich,,,
restaurant,"Red Chinese Brasserie",Chinese,$$$,"456 Food Ave, Shanghai",4.7,Shanghai,,,
restaurant,"Blue Thai Bistro",Thai,$,"456 Food Ave, Toronto",4.8,Toronto,,,
restaurant,"Madrid Osteria",Italian,$$$$,"456 Food Ave, Madrid",5,Madrid,,,
restaurant,"Little Italian Osteria",Italian,$,"456 Food Ave, Budapest",3,Budapest,,,
restaurant,"Royal American Steakhouse",American,$$$$,"456 Food Ave, Cape Town",3.2,"Cape Town",,,
restaurant,"Sunset Italian Grill",Italian,$$$,"456 Food Ave, Bogota",3.8,Bogota,,,
restaurant,"Kuala Lumpur Brasserie",Japanese,$$$$,"456 Food Ave, Kuala Lumpur",3.5,"Kuala Lumpur",,,
restaurant,"Seoul Osteria",American,$$$$,"456 Food Ave, Seoul",4.4,Seoul,,,
restaurant,"The Golden Italian Osteria",Italian,$,"456 Food Ave, Cape Town",4.8,"Cape Town",,,
restaurant,"Rio de Janeiro Trattoria",Local,$$,"456 Food Ave, Rio de Janeiro",4.1,"Rio de Janeiro",,,
restaurant,"Sunset Chinese Trattoria",Chinese,$,"456 Food Ave, Lagos",4.5,Lagos,,,
restaurant,"Los Angeles Izakaya",Japanese,$,"456 Food Ave, Los Angeles",4.2,"Los Angeles",,,
restaurant,"The Golden Thai Bistro",Thai,$$$$,"456 Food Ave, Berlin",3.1,Berlin,,,
restaurant,"Ocean Chinese Café",Chinese,$$,"456 Food Ave, Honolulu",4.9,Honolulu,,,
restaurant,"Barcelona Café",Japanese,$$$,"456 Food Ave, Barcelona",4,Barcelona,,,
restaurant,"The Golden Chinese Trattoria",Chinese,$$$,"456 Food Ave, Hong Kong",3.6,"Hong Kong",,,
restaurant,"Seoul Brasserie",American,$$,"456 Food Ave, Seoul",4.7,Seoul,,,
restaurant,"Little Italian Bistro",Italian,$$,"456 Food Ave, Chicago",3.7,Chicago,,,
restaurant,"Sunset Thai Trattoria",Thai,$,"456 Food Ave, Beijing",4.9,Beijing,,,
restaurant,"The Golden Thai Trattoria",Thai,$,"456 Food Ave, Melbourne",4.3,Melbourne,,,
restaurant,"Toronto Osteria",Indian,$,"456 Food Ave, Toronto",3,Toronto,,,
restaurant,"Tokyo Steakhouse",French,$$$$,"456 Food Ave, Tokyo",4.1,Tokyo,,,
restaurant,"The Golden Japanese Bistro",Japanese,$$,"456 Food Ave, New York",4.5,"New York",,,
restaurant,"Cairo Izakaya",Italian,$$$,"456 Food Ave, Cairo",3.8,Cairo,,,
restaurant,"Blue American Tavern",American,$$$$,"456 Food Ave, Johannesburg",4.7,Johannesburg,,,
restaurant,"Secret Thai Steakhouse",Thai,$$$$,"456 Food Ave, Miami",4.9,Miami,,,
restaurant,"Secret Italian Cantina",Italian,$,"456 Food Ave, Mexico City",3,"Mexico City",,,
restaurant,"Madrid Tavern",Indian,$$$,"456 Food Ave, Madrid",4.7,Madrid,,,
restaurant,"The Rustic Italian Steakhouse",Italian,$$$,"456 Food Ave, Munich",3.9,Munich,,,
restaurant,"Madrid Cantina",Indian,$,"456 Food Ave, Madrid",3.5,Madrid,,,
restaurant,"Sunset Thai Tavern",Thai,$$$$,"456 Food Ave, Bangkok",4.8,Bangkok,,,
restaurant,"Grand French Trattoria",French,$$$$,"456 Food Ave, Singapore",4.9,Singapore,,,
restaurant,"Miami Brasserie",Italian,$$,"456 Food Ave, Miami",3.8,Miami,,,
restaurant,"Athens Tavern",Japanese,$$$$,"456 Food Ave, Athens",3.8,Athens,,,
restaurant,"Red Indian Cantina",Indian,$,"456 Food Ave, Sydney",3.1,Sydney,,,
restaurant,"The Golden Indian Brasserie",Indian,$$,"456 Food Ave, Marrakech",3,Marrakech,,,
restaurant,"Cape Town Cantina",Indian,$$$,"456 Food Ave, Cape Town",4,"Cape Town",,,
restaurant,"Mumbai Café",Japanese,$,"456 Food Ave, Mumbai",3.3,Mumbai,,,
restaurant,"Red Thai Osteria",Thai,$$$,"456 Food Ave, Budapest",4,Budapest,,,
restaurant,"Sunset Japanese Bistro",Japanese,$$$$,"456 Food Ave, Chicago",3.2,Chicago,,,
restaurant,"Ocean Japanese Cantina",Japanese,$$$,"456 Food Ave, Melbourne",3.7,Melbourne,,,
restaurant,"Johannesburg Trattoria",Chinese,$$$$,"456 Food Ave, Johannesburg",4.1,Johannesburg,,,
restaurant,"Marrakech Trattoria",Mediterranean,$$$$,"456 Food Ave, Marrakech",4.9,Marrakech,,,
restaurant,"Secret Italian Grill",Italian,$,"456 Food Ave, Cairo",4.5,Cairo,,,
restaurant,"Little French Café",French,$$,"456 Food Ave, Honolulu",3.3,Honolulu,,,
restaurant,"Secret Indian Bistro",Indian,$,"456 Food Ave, Shanghai",3.7,Shanghai,,,
restaurant,"Sydney Osteria",Indian,$,"456 Food Ave, Sydney",3.4,Sydney,,,
restaurant,"The Golden Mexican Trattoria",Mexican,$,"456 Food Ave, Shanghai",3,Shanghai,,,
restaurant,"Blue Indian Steakhouse",Indian,$,"456 Food Ave, Bangkok",3.6,Bangkok,,,
restaurant,"Vancouver Café",Chinese,$,"456 Food Ave, Vancouver",4,Vancouver,,,
restaurant,"Grand Mediterranean Bistro",Mediterranean,$$,"456 Food Ave, New York",4.5,"New York",,,
restaurant,"The Rustic Indian Izakaya",Indian,$,"456 Food Ave, Seoul",4.7,Seoul,,,
restaurant,"Grand American Café",American,$,"456 Food Ave, Istanbul",3.6,Istanbul,,,
restaurant,"Secret Thai Grill",Thai,$$$$,"456 Food Ave, Vienna",4.1,Vienna,,,
restaurant,"Ocean Indian Trattoria",Indian,$$$$,"456 Food Ave, Mumbai",4.6,Mumbai,,,
restaurant,"Ocean Chinese Brasserie",Chinese,$,"456 Food Ave, Edinburgh",4.6,Edinburgh,,,
restaurant,"Miami Grill",Chinese,$$$,"456 Food Ave, Miami",4.8,Miami,,,
restaurant,"The Rustic Mexican Tavern",Mexican,$$$$,"456 Food Ave, Dubai",3.7,Dubai,,,
restaurant,"Blue French Izakaya",French,$,"456 Food Ave, Cairo",3.7,Cairo,,,
restaurant,"Secret Japanese Izakaya",Japanese,$$$,"456 Food Ave, Rio de Janeiro",3.3,"Rio de Janeiro",,,
restaurant,"Kuala Lumpur Steakhouse",Mexican,$,"456 Food Ave, Kuala Lumpur",3.6,"Kuala Lumpur",,,
restaurant,"Grand Local Izakaya",Local,$$$$,"456 Food Ave, Beijing",3.5,Beijing,,,
restaurant,"Munich Café",Japanese,$$$,"456 Food Ave, Munich",3.5,Munich,,,
restaurant,"Secret Italian Steakhouse",Italian,$,"456 Food Ave, Johannesburg",3.6,Johannesburg,,,
restaurant,"Royal Thai Brasserie",Thai,$$,"456 Food Ave, Nairobi",4.9,Nairobi,,,
restaurant,"Toronto Tavern",Japanese,$$$$,"456 Food Ave, Toronto",4.3,Toronto,,,
restaurant,"The Rustic Local Brasserie",Local,$$$$,"456 Food Ave, New Delhi",3.1,"New Delhi",,,
restaurant,"Blue Japanese Bistro",Japanese,$$$,"456 Food Ave, Sydney",3.6,Sydney,,,
restaurant,"Little Local Café",Local,$$$$,"456 Food Ave, Kuala Lumpur",4.1,"Kuala Lumpur",,,
restaurant,"Grand Italian Brasserie",Italian,$$$,"456 Food Ave, Istanbul",3.1,Istanbul,,,
restaurant,"Vienna Bistro",Local,$$$,"456 Food Ave, Vienna",3.3,Vienna,,,
restaurant,"Toronto Steakhouse",Chinese,$$,"456 Food Ave, Toronto",3.4,Toronto,,,
restaurant,"Red Indian Trattoria",Indian,$,"456 Food Ave, Auckland",4.5,Auckland,,,
restaurant,"Sunset Local Brasserie",Local,$$$$,"456 Food Ave, Rio de Janeiro",4.4,"Rio de Janeiro",,,
restaurant,"Rio de Janeiro Tavern",Thai,$$$$,"456 Food Ave, Rio de Janeiro",3.1,"Rio de Janeiro",,,
attraction,"Johannesburg National Gallery","Theme Park",38,"Explore the amazing Johannesburg National Gallery in the heart of Johannesburg.",09:00-17:00,Johannesburg,,,
attraction,"Mumbai Museum of Art",Shopping,353,"Explore the amazing Mumbai Museum of Art in the heart of Mumbai.",09:00-17:00,Mumbai,,,
attraction,"Rio de Janeiro City Zoo",Landmark,358,"Explore the amazing Rio de Janeiro City Zoo in the heart of Rio de Janeiro.",09:00-17:00,"Rio de Janeiro",,,
attraction,"Rome Observation Deck",Landmark,279,"Explore the amazing Rome Observation Deck in the heart of Rome.",09:00-17:00,Rome,,,
attraction,"Sydney Observation Deck",Shopping,61,"Explore the amazing Sydney Observation Deck in the heart of Sydney.",09:00-17:00,Sydney,,,
attraction,"Paris Museum of Art",Nature,123,"Explore the amazing Paris Museum of Art in the heart of Paris.",09:00-17:00,Paris,,,
attraction,"Cairo Grand Palace",Historical,197,"Explore the amazing Cairo Grand Palace in the heart of Cairo.",09:00-17:00,Cairo,,,
attraction,"Honolulu Historic Fort",Landmark,143,"Explore the amazing Honolulu Historic Fort in the heart of Honolulu.",09:00-17:00,Honolulu,,,
attraction,"Marrakech Aquarium",Sport,61,"Explore the amazing Marrakech Aquarium in the heart of Marrakech.",09:00-17:00,Marrakech,,,
attraction,"Prague Aquarium",Sport,373,"Explore the amazing Prague Aquarium in the heart of Prague.",09:00-17:00,Prague,,,
attraction,"Dublin City Zoo",Museum,500,"Explore the amazing Dublin City Zoo in the heart of Dublin.",09:00-17:00,Dublin,,,
attraction,"Prague Aquarium",Landmark,180,"Explore the amazing Prague Aquarium in the heart of Prague.",09:00-17:00,Prague,,,
attraction,"Mumbai City Zoo",Nature,478,"Explore the amazing Mumbai City Zoo in the heart of Mumbai.",09:00-17:00,Mumbai,,,
attraction,"Beijing Observation Deck",Sport,485,"Explore the amazing Beijing Observation Deck in the heart of Beijing.",09:00-17:00,Beijing,,,
attraction,"Auckland Cathedral",Historical,441,"Explore the amazing Auckland Cathedral in the heart of Auckland.",09:00-17:00,Auckland,,,
attraction,"Munich Museum of Art",Landmark,358,"Explore the amazing Munich Museum of Art in the heart of Munich.",09:00-17:00,Munich,,,
attraction,"Amsterdam Observation Deck",Shopping,321,"Explore the amazing Amsterdam Observation Deck in the heart of Amsterdam.",09:00-17:00,Amsterdam,,,
attraction,"Bogota Historic Fort",Shopping,427,"Explore the amazing Bogota Historic Fort in the heart of Bogota.",09:00-17:00,Bogota,,,
attraction,"Berlin Observation Deck",Cultural,375,"Explore the amazing Berlin Observation Deck in the heart of Berlin.",09:00-17:00,Berlin,,,
attraction,"Lima Grand Palace",Cultural,5,"Explore the amazing Lima Grand Palace in the heart of Lima.",09:00-17:00,Lima,,,
attraction,"Jakarta City Zoo","Theme Park",198,"Explore the amazing Jakarta City Zoo in the heart of Jakarta.",09:00-17:00,Jakarta,,,
attraction,"Barcelona Central Park",Nature,69,"Explore the amazing Barcelona Central Park in the heart of Barcelona.",09:00-17:00,Barcelona,,,
attraction,"Athens City Zoo",Shopping,103,"Explore the amazing Athens City Zoo in the heart of Athens.",09:00-17:00,Athens,,,
attraction,"Athens Historic Fort",Shopping,19,"Explore the amazing Athens Historic Fort in the heart of Athens.",09:00-17:00,Athens,,,
attraction,"Vancouver Cathedral","Theme Park",383,"Explore the amazing Vancouver Cathedral in the heart of Vancouver.",09:00-17:00,Vancouver,,,
attraction,"Cairo Cathedral",Nature,241,"Explore the amazing Cairo Cathedral in the heart of Cairo.",09:00-17:00,Cairo,,,
attraction,"Kuala Lumpur Museum of Art",Landmark,236,"Explore the amazing Kuala Lumpur Museum of Art in the heart of Kuala Lumpur.",09:00-17:00,"Kuala Lumpur",,,
attraction,"Honolulu Aquarium",Historical,375,"Explore the amazing Honolulu Aquarium in the heart of Honolulu.",09:00-17:00,Honolulu,,,
attraction,"Barcelona City Zoo",Nature,399,"Explore the amazing Barcelona City Zoo in the heart of Barcelona.",09:00-17:00,Barcelona,,,
attraction,"Cairo Central Park",Museum,77,"Explore the amazing Cairo Central Park in the heart of Cairo.",09:00-17:00,Cairo,,,
attraction,"New Delhi Museum of Art",Cultural,281,"Explore the amazing New Delhi Museum of Art in the heart of New Delhi.",09:00-17:00,"New Delhi",,,
attraction,"Berlin Cathedral",Sport,244,"Explore the amazing Berlin Cathedral in the heart of Berlin.",09:00-17:00,Berlin,,,
attraction,"Barcelona Botanical Gardens",Historical,287,"Explore the amazing Barcelona Botanical Gardens in the heart of Barcelona.",09:00-17:00,Barcelona,,,
attraction,"Istanbul Grand Palace",Sport,113,"Explore the amazing Istanbul Grand Palace in the heart of Istanbul.",09:00-17:00,Istanbul,,,
attraction,"Shanghai Aquarium",Museum,162,"Explore the amazing Shanghai Aquarium in the heart of Shanghai.",09:00-17:00,Shanghai,,,
attraction,"Budapest Historic Fort",Historical,36,"Explore the amazing Budapest Historic Fort in the heart of Budapest.",09:00-17:00,Budapest,,,
attraction,"Miami Central Park",Historical,20,"Explore the amazing Miami Central Park in the heart of Miami.",09:00-17:00,Miami,,,
attraction,"Melbourne Historic Fort",Nature,85,"Explore the amazing Melbourne Historic Fort in the heart of Melbourne.",09:00-17:00,Melbourne,,,
attraction,"Buenos Aires Grand Palace",Shopping,310,"Explore the amazing Buenos Aires Grand Palace in the heart of Buenos Aires.",09:00-17:00,"Buenos Aires",,,
attraction,"Bangkok Aquarium",Historical,126,"Explore the amazing Bangkok Aquarium in the heart of Bangkok.",09:00-17:00,Bangkok,,,
attraction,"Honolulu Museum of Art",Shopping,234,"Explore the amazing Honolulu Museum of Art in the heart of Honolulu.",09:00-17:00,Honolulu,,,
attraction,"Lagos Observation Deck","Theme Park",20,"Explore the amazing Lagos Observation Deck in the heart of Lagos.",09:00-17:00,Lagos,,,
attraction,"Munich National Gallery",Shopping,174,"Explore the amazing Munich National Gallery in the heart of Munich.",09:00-17:00,Munich,,,
attraction,"Johannesburg Aquarium",Cultural,434,"Explore the amazing Johannesburg Aquarium in the heart of Johannesburg.",09:00-17:00,Johannesburg,,,
attraction,"Prague City Zoo",Museum,379,"Explore the amazing Prague City Zoo in the heart of Prague.",09:00-17:00,Prague,,,
attraction,"Prague City Zoo","Theme Park",299,"Explore the amazing Prague City Zoo in the heart of Prague.",09:00-17:00,Prague,,,
attraction,"Dubai Observation Deck",Shopping,25,"Explore the amazing Dubai Observation Deck in the heart of Dubai.",09:00-17:00,Dubai,,,
attraction,"Buenos Aires Central Park",Cultural,488,"Explore the amazing Buenos Aires Central Park in the heart of Buenos Aires.",09:00-17:00,"Buenos Aires",,,
attraction,"Los Angeles Botanical Gardens",Nature,351,"Explore the amazing Los Angeles Botanical Gardens in the heart of Los Angeles.",09:00-17:00,"Los Angeles",,,
attraction,"Rome Aquarium",Museum,176,"Explore the amazing Rome Aquarium in the heart of Rome.",09:00-17:00,Rome,,,
attraction,"Dublin Museum of Art",Landmark,204,"Explore the amazing Dublin Museum of Art in the heart of Dublin.",09:00-17:00,Dublin,,,
attraction,"Rome Central Park",Historical,239,"Explore the amazing Rome Central Park in the heart of Rome.",09:00-17:00,Rome,,,
attraction,"Athens Grand Palace",Historical,370,"Explore the amazing Athens Grand Palace in the heart of Athens.",09:00-17:00,Athens,,,
attraction,"Budapest Botanical Gardens",Museum,273,"Explore the amazing Budapest Botanical Gardens in the heart of Budapest.",09:00-17:00,Budapest,,,
attraction,"Amsterdam Aquarium",Nature,196,"Explore the amazing Amsterdam Aquarium in the heart of Amsterdam.",09:00-17:00,Amsterdam,,,
attraction,"Miami Botanical Gardens",Historical,114,"Explore the amazing Miami Botanical Gardens in the heart of Miami.",09:00-17:00,Miami,,,
attraction,"New York Central Park",Nature,274,"Explore the amazing New York Central Park in the heart of New York.",09:00-17:00,"New York",,,
attraction,"Kuala Lumpur Observation Deck",Sport,71,"Explore the amazing Kuala Lumpur Observation Deck in the heart of Kuala Lumpur.",09:00-17:00,"Kuala Lumpur",,,
attraction,"Miami Cathedral",Shopping,490,"Explore the amazing Miami Cathedral in the heart of Miami.",09:00-17:00,Miami,,,
attraction,"Shanghai Grand Palace",Shopping,181,"Explore the amazing Shanghai Grand Palace in the heart of Shanghai.",09:00-17:00,Shanghai,,,
attraction,"Buenos Aires City Zoo",Historical,61,"Explore the amazing Buenos Aires City Zoo in the heart of Buenos Aires.",09:00-17:00,"Buenos Aires",,,
attraction,"Cape Town Observation Deck",Landmark,123,"Explore the amazing Cape Town Observation Deck in the heart of Cape Town.",09:00-17:00,"Cape Town",,,
attraction,"Athens Historic Fort","Theme Park",499,"Explore the amazing Athens Historic Fort in the heart of Athens.",09:00-17:00,Athens,,,
attraction,"Nairobi Observation Deck","Theme Park",442,"Explore the amazing Nairobi Observation Deck in the heart of Nairobi.",09:00-17:00,Nairobi,,,
attraction,"Reykjavik Observation Deck",Nature,120,"Explore the amazing Reykjavik Observation Deck in the heart of Reykjavik.",09:00-17:00,Reykjavik,,,
attraction,"Miami Historic Fort",Nature,493,"Explore the amazing Miami Historic Fort in the heart of Miami.",09:00-17:00,Miami,,,
attraction,"Tokyo Observation Deck","Theme Park",150,"Explore the amazing Tokyo Observation Deck in the heart of Tokyo.",09:00-17:00,Tokyo,,,
attraction,"Istanbul Central Park",Landmark,405,"Explore the amazing Istanbul Central Park in the heart of Istanbul.",09:00-17:00,Istanbul,,,
attraction,"Vienna Historic Fort",Shopping,424,"Explore the amazing Vienna Historic Fort in the heart of Vienna.",09:00-17:00,Vienna,,,
attraction,"Berlin Central Park",Museum,193,"Explore the amazing Berlin Central Park in the heart of Berlin.",09:00-17:00,Berlin,,,
attraction,"Amsterdam City Zoo","Theme Park",135,"Explore the amazing Amsterdam City Zoo in the heart of Amsterdam.",09:00-17:00,Amsterdam,,,
attraction,"Marrakech Central Park",Historical,203,"Explore the amazing Marrakech Central Park in the heart of Marrakech.",09:00-17:00,Marrakech,,,
attraction,"Lima Observation Deck",Shopping,148,"Explore the amazing Lima Observation Deck in the heart of Lima.",09:00-17:00,Lima,,,
attraction,"Johannesburg City Zoo",Museum,148,"Explore the amazing Johannesburg City Zoo in the heart of Johannesburg.",09:00-17:00,Johannesburg,,,
attraction,"Hong Kong Observation Deck",Historical,371,"Explore the amazing Hong Kong Observation Deck in the heart of Hong Kong.",09:00-17:00,"Hong Kong",,,
attraction,"Istanbul National Gallery",Cultural,70,"Explore the amazing Istanbul National Gallery in the heart of Istanbul.",09:00-17:00,Istanbul,,,
attraction,"Bangkok Observation Deck",Shopping,420,"Explore the amazing Bangkok Observation Deck in the heart of Bangkok.",09:00-17:00,Bangkok,,,
attraction,"Lima National Gallery",Shopping,393,"Explore the amazing Lima National Gallery in the heart of Lima.",09:00-17:00,Lima,,,
attraction,"Tokyo Botanical Gardens",Sport,191,"Explore the amazing Tokyo Botanical Gardens in the heart of Tokyo.",09:00-17:00,Tokyo,,,
attraction,"Edinburgh Museum of Art",Historical,440,"Explore the amazing Edinburgh Museum of Art in the heart of Edinburgh.",09:00-17:00,Edinburgh,,,
attraction,"Beijing Cathedral",Museum,252,"Explore the amazing Beijing Cathedral in the heart of Beijing.",09:00-17:00,Beijing,,,
attraction,"Buenos Aires Botanical Gardens",Shopping,130,"Explore the amazing Buenos Aires Botanical Gardens in the heart of Buenos Aires.",09:00-17:00,"Buenos Aires",,,
attraction,"Bogota National Gallery","Theme Park",155,"Explore the amazing Bogota National Gallery in the heart of Bogota.",09:00-17:00,Bogota,,,
attraction,"Mexico City Botanical Gardens",Nature,188,"Explore the amazing Mexico City Botanical Gardens in the heart of Mexico City.",09:00-17:00,"Mexico City",,,
attraction,"San Francisco National Gallery",Museum,55,"Explore the amazing San Francisco National Gallery in the heart of San Francisco.",09:00-17:00,"San Francisco",,,
attraction,"Sydney Central Park","Theme Park",148,"Explore the amazing Sydney Central Park in the heart of Sydney.",09:00-17:00,Sydney,,,
attraction,"Bangkok Observation Deck",Landmark,459,"Explore the amazing Bangkok Observation Deck in the heart of Bangkok.",09:00-17:00,Bangkok,,,
attraction,"Sydney Botanical Gardens",Historical,293,"Explore the amazing Sydney Botanical Gardens in the heart of Sydney.",09:00-17:00,Sydney,,,
attraction,"Berlin Aquarium",Shopping,305,"Explore the amazing Berlin Aquarium in the heart of Berlin.",09:00-17:00,Berlin,,,
attraction,"Madrid Historic Fort","Theme Park",186,"Explore the amazing Madrid Historic Fort in the heart of Madrid.",09:00-17:00,Madrid,,,
attraction,"Tokyo Aquarium",Cultural,192,"Explore the amazing Tokyo Aquarium in the heart of Tokyo.",09:00-17:00,Tokyo,,,
attraction,"Bangkok Botanical Gardens",Historical,414,"Explore the amazing Bangkok Botanical Gardens in the heart of Bangkok.",09:00-17:00,Bangkok,,,
attraction,"Buenos Aires National Gallery",Shopping,97,"Explore the amazing Buenos Aires National Gallery in the heart of Buenos Aires.",09:00-17:00,"Buenos Aires",,,
attraction,"Munich Central Park",Sport,342,"Explore the amazing Munich Central Park in the heart of Munich.",09:00-17:00,Munich,,,
attraction,"Cairo Aquarium",Landmark,236,"Explore the amazing Cairo Aquarium in the heart of Cairo.",09:00-17:00,Cairo,,,
attraction,"New Delhi City Zoo",Shopping,401,"Explore the amazing New Delhi City Zoo in the heart of New Delhi.",09:00-17:00,"New Delhi",,,
attraction,"Mexico City Botanical Gardens","Theme Park",463,"Explore the amazing Mexico City Botanical Gardens in the heart of Mexico City.",09:00-17:00,"Mexico City",,,
attraction,"Dublin Cathedral",Museum,361,"Explore the amazing Dublin Cathedral in the heart of Dublin.",09:00-17:00,Dublin,,,
attraction,"Dubai Grand Palace",Cultural,141,"Explore the amazing Dubai Grand Palace in the heart of Dubai.",09:00-17:00,Dubai,,,
attraction,"Rome Observation Deck",Sport,453,"Explore the amazing Rome Observation Deck in the heart of Rome.",09:00-17:00,Rome,,,
attraction,"Marrakech Grand Palace",Cultural,253,"Explore the amazing Marrakech Grand Palace in the heart of Marrakech.",09:00-17:00,Marrakech,,,
attraction,"Cairo National Gallery",Landmark,471,"Explore the amazing Cairo National Gallery in the heart of Cairo.",09:00-17:00,Cairo,,,
attraction,"Lima Cathedral",Cultural,24,"Explore the amazing Lima Cathedral in the heart of Lima.",09:00-17:00,Lima,,,
attraction,"San Francisco Central Park",Shopping,307,"Explore the amazing San Francisco Central Park in the heart of San Francisco.",09:00-17:00,"San Francisco",,,
attraction,"San Francisco Observation Deck","Theme Park",279,"Explore the amazing San Francisco Observation Deck in the heart of San Francisco.",09:00-17:00,"San Francisco",,,
attraction,"Cape Town National Gallery",Nature,186,"Explore the amazing Cape Town National Gallery in the heart of Cape Town.",09:00-17:00,"Cape Town",,,
attraction,"Lima National Gallery",Museum,102,"Explore the amazing Lima National Gallery in the heart of Lima.",09:00-17:00,Lima,,,
attraction,"Toronto City Zoo","Theme Park",404,"Explore the amazing Toronto City Zoo in the heart of Toronto.",09:00-17:00,Toronto,,,
attraction,"Kuala Lumpur Observation Deck",Historical,55,"Explore the amazing Kuala Lumpur Observation Deck in the heart of Kuala Lumpur.",09:00-17:00,"Kuala Lumpur",,,
attraction,"Hong Kong Cathedral","Theme Park",90,"Explore the amazing Hong Kong Cathedral in the heart of Hong Kong.",09:00-17:00,"Hong Kong",,,
attraction,"Hong Kong National Gallery",Landmark,150,"Explore the amazing Hong Kong National Gallery in the heart of Hong Kong.",09:00-17:00,"Hong Kong",,,
attraction,"Reykjavik Observation Deck",Landmark,206,"Explore the amazing Reykjavik Observation Deck in the heart of Reykjavik.",09:00-17:00,Reykjavik,,,
attraction,"New York Observation Deck",Shopping,211,"Explore the amazing New York Observation Deck in the heart of New York.",09:00-17:00,"New York",,,
attraction,"New Delhi Cathedral","Theme Park",464,"Explore the amazing New Delhi Cathedral in the heart of New Delhi.",09:00-17:00,"New Delhi",,,
attraction,"Sydney Cathedral",Nature,478,"Explore the amazing Sydney Cathedral in the heart of Sydney.",09:00-17:00,Sydney,,,
attraction,"Auckland Grand Palace",Shopping,11,"Explore the amazing Auckland Grand Palace in the heart of Auckland.",09:00-17:00,Auckland,,,
attraction,"New Delhi Museum of Art","Theme Park",381,"Explore the amazing New Delhi Museum of Art in the heart of New Delhi.",09:00-17:00,"New Delhi",,,
attraction,"Buenos Aires Central Park",Museum,458,"Explore the amazing Buenos Aires Central Park in the heart of Buenos Aires.",09:00-17:00,"Buenos Aires",,,
attraction,"Rio de Janeiro Grand Palace",Nature,256,"Explore the amazing Rio de Janeiro Grand Palace in the heart of Rio de Janeiro.",09:00-17:00,"Rio de Janeiro",,,
attraction,"Prague Grand Palace",Cultural,254,"Explore the amazing Prague Grand Palace in the heart of Prague.",09:00-17:00,Prague,,,
attraction,"Chicago Grand Palace",Landmark,428,"Explore the amazing Chicago Grand Palace in the heart of Chicago.",09:00-17:00,Chicago,,,
attraction,"Los Angeles Central Park",Shopping,175,"Explore the amazing Los Angeles Central Park in the heart of Los Angeles.",09:00-17:00,"Los Angeles",,,
attraction,"Tokyo Grand Palace",Sport,490,"Explore the amazing Tokyo Grand Palace in the heart of Tokyo.",09:00-17:00,Tokyo,,,
attraction,"Barcelona Grand Palace",Historical,90,"Explore the amazing Barcelona Grand Palace in the heart of Barcelona.",09:00-17:00,Barcelona,,,
attraction,"Berlin Central Park",Cultural,146,"Explore the amazing Berlin Central Park in the heart of Berlin.",09:00-17:00,Berlin,,,
attraction,"Hong Kong Central Park",Shopping,370,"Explore the amazing Hong Kong Central Park in the heart of Hong Kong.",09:00-17:00,"Hong Kong",,,
attraction,"Buenos Aires Central Park",Cultural,356,"Explore the amazing Buenos Aires Central Park in the heart of Buenos Aires.",09:00-17:00,"Buenos Aires",,,
attraction,"Vienna Museum of Art",Landmark,61,"Explore the amazing Vienna Museum of Art in the heart of Vienna.",09:00-17:00,Vienna,,,
attraction,"Nairobi Historic Fort",Historical,286,"Explore the amazing Nairobi Historic Fort in the heart of Nairobi.",09:00-17:00,Nairobi,,,
attraction,"Rome Historic Fort",Historical,483,"Explore the amazing Rome Historic Fort in the heart of Rome.",09:00-17:00,Rome,,,
attraction,"Hong Kong Botanical Gardens",Cultural,211,"Explore the amazing Hong Kong Botanical Gardens in the heart of Hong Kong.",09:00-17:00,"Hong Kong",,,
attraction,"Kuala Lumpur City Zoo","Theme Park",382,"Explore the amazing Kuala Lumpur City Zoo in the heart of Kuala Lumpur.",09:00-17:00,"Kuala Lumpur",,,
attraction,"Marrakech Historic Fort",Nature,65,"Explore the amazing Marrakech Historic Fort in the heart of Marrakech.",09:00-17:00,Marrakech,,,
attraction,"Bogota City Zoo",Shopping,456,"Explore the amazing Bogota City Zoo in the heart of Bogota.",09:00-17:00,Bogota,,,
attraction,"Cairo Cathedral",Cultural,89,"Explore the amazing Cairo Cathedral in the heart of Cairo.",09:00-17:00,Cairo,,,
attraction,"New York Grand Palace",Shopping,165,"Explore the amazing New York Grand Palace in the heart of New York.",09:00-17:00,"New York",,,
attraction,"Los Angeles Aquarium",Cultural,11,"Explore the amazing Los Angeles Aquarium in the heart of Los Angeles.",09:00-17:00,"Los Angeles",,,
attraction,"Paris Cathedral",Shopping,18,"Explore the amazing Paris Cathedral in the heart of Paris.",09:00-17:00,Paris,,,
attraction,"Mexico City Museum of Art",Cultural,35,"Explore the amazing Mexico City Museum of Art in the heart of Mexico City.",09:00-17:00,"Mexico City",,,
attraction,"Paris Cathedral",Historical,294,"Explore the amazing Paris Cathedral in the heart of Paris.",09:00-17:00,Paris,,,
attraction,"Budapest National Gallery",Landmark,45,"Explore the amazing Budapest National Gallery in the heart of Budapest.",09:00-17:00,Budapest,,,
attraction,"Cairo Grand Palace",Landmark,116,"Explore the amazing Cairo Grand Palace in the heart of Cairo.",09:00-17:00,Cairo,,,
attraction,"Marrakech Historic Fort",Nature,380,"Explore the amazing Marrakech Historic Fort in the heart of Marrakech.",09:00-17:00,Marrakech,,,
attraction,"Beijing Observation Deck",Sport,77,"Explore the amazing Beijing Observation Deck in the heart of Beijing.",09:00-17:00,Beijing,,,
attraction,"Auckland Observation Deck",Historical,358,"Explore the amazing Auckland Observation Deck in the heart of Auckland.",09:00-17:00,Auckland,,,
attraction,"Dublin Central Park",Cultural,109,"Explore the amazing Dublin Central Park in the heart of Dublin.",09:00-17:00,Dublin,,,
attraction,"Amsterdam Central Park",Cultural,426,"Explore the amazing Amsterdam Central Park in the heart of Amsterdam.",09:00-17:00,Amsterdam,,,
attraction,"Dubai Historic Fort",Sport,387,"Explore the amazing Dubai Historic Fort in the heart of Dubai.",09:00-17:00,Dubai,,,
attraction,"Mexico City Historic Fort",Nature,486,"Explore the amazing Mexico City Historic Fort in the heart of Mexico City.",09:00-17:00,"Mexico City",,,
attraction,"Singapore Grand Palace",Landmark,231,"Explore the amazing Singapore Grand Palace in the heart of Singapore.",09:00-17:00,Singapore,,,
attraction,"Buenos Aires Central Park",Landmark,435,"Explore the amazing Buenos Aires Central Park in the heart of Buenos Aires.",09:00-17:00,"Buenos Aires",,,
attraction,"Tokyo Botanical Gardens",Landmark,175,"Explore the amazing Tokyo Botanical Gardens in the heart of Tokyo.",09:00-17:00,Tokyo,,,
attraction,"Vancouver Aquarium",Shopping,19,"Explore the amazing Vancouver Aquarium in the heart of Vancouver.",09:00-17:00,Vancouver,,,
attraction,"Miami Central Park",Sport,17,"Explore the amazing Miami Central Park in the heart of Miami.",09:00-17:00,Miami,,,
attraction,"Cape Town National Gallery",Cultural,4,"Explore the amazing Cape Town National Gallery in the heart of Cape Town.",09:00-17:00,"Cape Town",,,
attraction,"Vienna City Zoo","Theme Park",350,"Explore the amazing Vienna City Zoo in the heart of Vienna.",09:00-17:00,Vienna,,,
attraction,"Shanghai Historic Fort",Cultural,68,"Explore the amazing Shanghai Historic Fort in the heart of Shanghai.",09:00-17:00,Shanghai,,,
attraction,"Prague Grand Palace",Shopping,93,"Explore the amazing Prague Grand Palace in the heart of Prague.",09:00-17:00,Prague,,,
attraction,"Melbourne Central Park",Nature,255,"Explore the amazing Melbourne Central Park in the heart of Melbourne.",09:00-17:00,Melbourne,,,
attraction,"Mumbai Cathedral",Sport,485,"Explore the amazing Mumbai Cathedral in the heart of Mumbai.",09:00-17:00,Mumbai,,,
attraction,"Chicago Cathedral",Landmark,17,"Explore the amazing Chicago Cathedral in the heart of Chicago.",09:00-17:00,Chicago,,,
attraction,"Amsterdam Cathedral",Landmark,205,"Explore the amazing Amsterdam Cathedral in the heart of Amsterdam.",09:00-17:00,Amsterdam,,,
attraction,"Chicago Cathedral",Landmark,144,"Explore the amazing Chicago Cathedral in the heart of Chicago.",09:00-17:00,Chicago,,,
attraction,"Buenos Aires Observation Deck",Shopping,272,"Explore the amazing Buenos Aires Observation Deck in the heart of Buenos Aires.",09:00-17:00,"Buenos Aires",,,
attraction,"Cape Town Historic Fort",Landmark,96,"Explore the amazing Cape Town Historic Fort in the heart of Cape Town.",09:00-17:00,"Cape Town",,,
attraction,"New Delhi National Gallery",Museum,411,"Explore the amazing New Delhi National Gallery in the heart of New Delhi.",09:00-17:00,"New Delhi",,,
attraction,"Cape Town Botanical Gardens",Shopping,242,"Explore the amazing Cape Town Botanical Gardens in the heart of Cape Town.",09:00-17:00,"Cape Town",,,
attraction,"Amsterdam Central Park",Cultural,342,"Explore the amazing Amsterdam Central Park in the heart of Amsterdam.",09:00-17:00,Amsterdam,,,
attraction,"Dubai Historic Fort",Museum,130,"Explore the amazing Dubai Historic Fort in the heart of Dubai.",09:00-17:00,Dubai,,,
attraction,"Vienna Historic Fort",Cultural,192,"Explore the amazing Vienna Historic Fort in the heart of Vienna.",09:00-17:00,Vienna,,,
attraction,"New Delhi National Gallery",Landmark,493,"Explore the amazing New Delhi National Gallery in the heart of New Delhi.",09:00-17:00,"New Delhi",,,
attraction,"Dublin Observation Deck",Nature,286,"Explore the amazing Dublin Observation Deck in the heart of Dublin.",09:00-17:00,Dublin,,,
attraction,"Istanbul Cathedral",Sport,202,"Explore the amazing Istanbul Cathedral in the heart of Istanbul.",09:00-17:00,Istanbul,,,
attraction,"Tokyo National Gallery",Nature,356,"Explore the amazing Tokyo National Gallery in the heart of Tokyo.",09:00-17:00,Tokyo,,,
attraction,"Chicago National Gallery","Theme Park",78,"Explore the amazing Chicago National Gallery in the heart of Chicago.",09:00-17:00,Chicago,,,
attraction,"Dublin Museum of Art",Cultural,19,"Explore the amazing Dublin Museum of Art in the heart of Dublin.",09:00-17:00,Dublin,,,
attraction,"Amsterdam National Gallery",Cultural,156,"Explore the amazing Amsterdam National Gallery in the heart of Amsterdam.",09:00-17:00,Amsterdam,,,
attraction,"Shanghai Museum of Art",Historical,4,"Explore the amazing Shanghai Museum of Art in the heart of Shanghai.",09:00-17:00,Shanghai,,,
attraction,"Johannesburg Observation Deck",Cultural,312,"Explore the amazing Johannesburg Observation Deck in the heart of Johannesburg.",09:00-17:00,Johannesburg,,,
attraction,"Madrid Aquarium",Cultural,65,"Explore the amazing Madrid Aquarium in the heart of Madrid.",09:00-17:00,Madrid,,,
attraction,"Hong Kong National Gallery",Nature,160,"Explore the amazing Hong Kong National Gallery in the heart of Hong Kong.",09:00-17:00,"Hong Kong",,,
attraction,"Istanbul Grand Palace",Landmark,205,"Explore the amazing Istanbul Grand Palace in the heart of Istanbul.",09:00-17:00,Istanbul,,,
attraction,"New Delhi Central Park",Cultural,156,"Explore the amazing New Delhi Central Park in the heart of New Delhi.",09:00-17:00,"New Delhi",,,
attraction,"Nairobi Historic Fort",Museum,256,"Explore the amazing Nairobi Historic Fort in the heart of Nairobi.",09:00-17:00,Nairobi,,,
attraction,"Los Angeles Grand Palace",Sport,295,"Explore the amazing Los Angeles Grand Palace in the heart of Los Angeles.",09:00-17:00,"Los Angeles",,,
attraction,"Bogota Cathedral",Shopping,249,"Explore the amazing Bogota Cathedral in the heart of Bogota.",09:00-17:00,Bogota,,,
attraction,"Nairobi City Zoo",Shopping,52,"Explore the amazing Nairobi City Zoo in the heart of Nairobi.",09:00-17:00,Nairobi,,,
attraction,"Edinburgh Observation Deck",Museum,16,"Explore the amazing Edinburgh Observation Deck in the heart of Edinburgh.",09:00-17:00,Edinburgh,,,
attraction,"Sydney Cathedral",Nature,111,"Explore the amazing Sydney Cathedral in the heart of Sydney.",09:00-17:00,Sydney,,,
attraction,"Prague Historic Fort",Cultural,170,"Explore the amazing Prague Historic Fort in the heart of Prague.",09:00-17:00,Prague,,,
attraction,"Buenos Aires National Gallery",Sport,211,"Explore the amazing Buenos Aires National Gallery in the heart of Buenos Aires.",09:00-17:00,"Buenos Aires",,,
attraction,"Auckland Museum of Art",Nature,201,"Explore the amazing Auckland Museum of Art in the heart of Auckland.",09:00-17:00,Auckland,,,
attraction,"Dubai Grand Palace",Landmark,247,"Explore the amazing Dubai Grand Palace in the heart of Dubai.",09:00-17:00,Dubai,,,
attraction,"Kuala Lumpur Cathedral",Historical,79,"Explore the amazing Kuala Lumpur Cathedral in the heart of Kuala Lumpur.",09:00-17:00,"Kuala Lumpur",,,
attraction,"Vienna Museum of Art",Nature,118,"Explore the amazing Vienna Museum of Art in the heart of Vienna.",09:00-17:00,Vienna,,,
attraction,"Shanghai Aquarium",Landmark,122,"Explore the amazing Shanghai Aquarium in the heart of Shanghai.",09:00-17:00,Shanghai,,,
attraction,"Hong Kong Central Park",Sport,69,"Explore the amazing Hong Kong Central Park in the heart of Hong Kong.",09:00-17:00,"Hong Kong",,,
attraction,"Johannesburg Botanical Gardens",Shopping,479,"Explore the amazing Johannesburg Botanical Gardens in the heart of Johannesburg.",09:00-17:00,Johannesburg,,,
attraction,"Prague Cathedral",Historical,135,"Explore the amazing Prague Cathedral in the heart of Prague.",09:00-17:00,Prague,,,
attraction,"Kuala Lumpur National Gallery",Historical,411,"Explore the amazing Kuala Lumpur National Gallery in the heart of Kuala Lumpur.",09:00-17:00,"Kuala Lumpur",,,
attraction,"Auckland City Zoo",Cultural,4,"Explore the amazing Auckland City Zoo in the heart of Auckland.",09:00-17:00,Auckland,,,
attraction,"Miami Grand Palace",Landmark,2,"Explore the amazing Miami Grand Palace in the heart of Miami.",09:00-17:00,Miami,,,
attraction,"Tokyo Botanical Gardens",Sport,112,"Explore the amazing Tokyo Botanical Gardens in the heart of Tokyo.",09:00-17:00,Tokyo,,,
attraction,"Lima Grand Palace",Sport,75,"Explore the amazing Lima Grand Palace in the heart of Lima.",09:00-17:00,Lima,,,
attraction,"Tokyo Observation Deck",Nature,352,"Explore the amazing Tokyo Observation Deck in the heart of Tokyo.",09:00-17:00,Tokyo,,,
attraction,"Los Angeles Observation Deck",Museum,307,"Explore the amazing Los Angeles Observation Deck in the heart of Los Angeles.",09:00-17:00,"Los Angeles",,,
attraction,"Dublin Botanical Gardens",Landmark,413,"Explore the amazing Dublin Botanical Gardens in the heart of Dublin.",09:00-17:00,Dublin,,,
attraction,"New Delhi Museum of Art",Shopping,299,"Explore the amazing New Delhi Museum of Art in the heart of New Delhi.",09:00-17:00,"New Delhi",,,
attraction,"Jakarta Aquarium",Nature,391,"Explore the amazing Jakarta Aquarium in the heart of Jakarta.",09:00-17:00,Jakarta,,,
attraction,"Marrakech Observation Deck",Landmark,20,"Explore the amazing Marrakech Observation Deck in the heart of Marrakech.",09:00-17:00,Marrakech,,,
attraction,"Seoul Central Park",Cultural,369,"Explore the amazing Seoul Central Park in the heart of Seoul.",09:00-17:00,Seoul,,,
attraction,"Shanghai Cathedral",Museum,491,"Explore the amazing Shanghai Cathedral in the heart of Shanghai.",09:00-17:00,Shanghai,,,
attraction,"Berlin Cathedral",Cultural,278,"Explore the amazing Berlin Cathedral in the heart of Berlin.",09:00-17:00,Berlin,,,
attraction,"Honolulu Cathedral",Sport,278,"Explore the amazing Honolulu Cathedral in the heart of Honolulu.",09:00-17:00,Honolulu,,,
attraction,"Los Angeles Historic Fort",Museum,4,"Explore the amazing Los Angeles Historic Fort in the heart of Los Angeles.",09:00-17:00,"Los Angeles",,,
attraction,"Mexico City Central Park",Cultural,371,"Explore the amazing Mexico City Central Park in the heart of Mexico City.",09:00-17:00,"Mexico City",,,
attraction,"Mumbai Central Park",Nature,300,"Explore the amazing Mumbai Central Park in the heart of Mumbai.",09:00-17:00,Mumbai,,,
attraction,"Reykjavik Museum of Art",Museum,473,"Explore the amazing Reykjavik Museum of Art in the heart of Reykjavik.",09:00-17:00,Reykjavik,,,
attraction,"Melbourne Botanical Gardens",Museum,122,"Explore the amazing Melbourne Botanical Gardens in the heart of Melbourne.",09:00-17:00,Melbourne,,,
attraction,"Berlin Botanical Gardens",Nature,393,"Explore the amazing Berlin Botanical Gardens in the heart of Berlin.",09:00-17:00,Berlin,,,
attraction,"Athens Central Park",Historical,427,"Explore the amazing Athens Central Park in the heart of Athens.",09:00-17:00,Athens,,,
attraction,"San Francisco Museum of Art",Cultural,447,"Explore the amazing San Francisco Museum of Art in the heart of San Francisco.",09:00-17:00,"San Francisco",,,
attraction,"Singapore Historic Fort",Historical,248,"Explore the amazing Singapore Historic Fort in the heart of Singapore.",09:00-17:00,Singapore,,,
attraction,"Reykjavik Observation Deck",Historical,249,"Explore the amazing Reykjavik Observation Deck in the heart of Reykjavik.",09:00-17:00,Reykjavik,,,
attraction,"Reykjavik National Gallery",Nature,215,"Explore the amazing Reykjavik National Gallery in the heart of Reykjavik.",09:00-17:00,Reykjavik,,,
attraction,"Tokyo Museum of Art",Landmark,194,"Explore the amazing Tokyo Museum of Art in the heart of Tokyo.",09:00-17:00,Tokyo,,,
attraction,"Amsterdam National Gallery",Sport,204,"Explore the amazing Amsterdam National Gallery in the heart of Amsterdam.",09:00-17:00,Amsterdam,,,
attraction,"Vienna Historic Fort",Historical,67,"Explore the amazing Vienna Historic Fort in the heart of Vienna.",09:00-17:00,Vienna,,,
attraction,"Lagos Museum of Art","Theme Park",129,"Explore the amazing Lagos Museum of Art in the heart of Lagos.",09:00-17:00,Lagos,,,
attraction,"Mumbai City Zoo",Cultural,312,"Explore the amazing Mumbai City Zoo in the heart of Mumbai.",09:00-17:00,Mumbai,,,
attraction,"Hong Kong Cathedral",Historical,223,"Explore the amazing Hong Kong Cathedral in the heart of Hong Kong.",09:00-17:00,"Hong Kong",,,
attraction,"Budapest Aquarium",Museum,450,"Explore the amazing Budapest Aquarium in the heart of Budapest.",09:00-17:00,Budapest,,,
attraction,"Auckland Historic Fort","Theme Park",258,"Explore the amazing Auckland Historic Fort in the heart of Auckland.",09:00-17:00,Auckland,,,
attraction,"San Francisco Botanical Gardens",Landmark,200,"Explore the amazing San Francisco Botanical Gardens in the heart of San Francisco.",09:00-17:00,"San Francisco",,,
attraction,"Reykjavik Cathedral",Shopping,267,"Explore the amazing Reykjavik Cathedral in the heart of Reykjavik.",09:00-17:00,Reykjavik,,,
attraction,"Prague Observation Deck",Landmark,124,"Explore the amazing Prague Observation Deck in the heart of Prague.",09:00-17:00,Prague,,,
attraction,"Rio de Janeiro Cathedral",Cultural,231,"Explore the amazing Rio de Janeiro Cathedral in the heart of Rio de Janeiro.",09:00-17:00,"Rio de Janeiro",,,
attraction,"Barcelona Botanical Gardens",Sport,78,"Explore the amazing Barcelona Botanical Gardens in the heart of Barcelona.",09:00-17:00,Barcelona,,,
attraction,"Marrakech Aquarium",Museum,23,"Explore the amazing Marrakech Aquarium in the heart of Marrakech.",09:00-17:00,Marrakech,,,
attraction,"San Francisco Cathedral","Theme Park",240,"Explore the amazing San Francisco Cathedral in the heart of San Francisco.",09:00-17:00,"San Francisco",,,
attraction,"New York Museum of Art",Landmark,413,"Explore the amazing New York Museum of Art in the heart of New York.",09:00-17:00,"New York",,,
attraction,"Rome Aquarium",Landmark,294,"Explore the amazing Rome Aquarium in the heart of Rome.",09:00-17:00,Rome,,,
attraction,"Rio de Janeiro Aquarium",Historical,206,"Explore the amazing Rio de Janeiro Aquarium in the heart of Rio de Janeiro.",09:00-17:00,"Rio de Janeiro",,,
attraction,"Vienna Historic Fort",Landmark,0,"Explore the amazing Vienna Historic Fort in the heart of Vienna.",09:00-17:00,Vienna,,,
attraction,"Vienna Central Park",Nature,55,"Explore the amazing Vienna Central Park in the heart of Vienna.",09:00-17:00,Vienna,,,
attraction,"Marrakech Cathedral",Landmark,426,"Explore the amazing Marrakech Cathedral in the heart of Marrakech.",09:00-17:00,Marrakech,,,
attraction,"Edinburgh Botanical Gardens",Historical,72,"Explore the amazing Edinburgh Botanical Gardens in the heart of Edinburgh.",09:00-17:00,Edinburgh,,,
attraction,"Honolulu Botanical Gardens",Cultural,140,"Explore the amazing Honolulu Botanical Gardens in the heart of Honolulu.",09:00-17:00,Honolulu,,,
attraction,"Mumbai Aquarium",Nature,196,"Explore the amazing Mumbai Aquarium in the heart of Mumbai.",09:00-17:00,Mumbai,,,
attraction,"Sydney Observation Deck",Landmark,235,"Explore the amazing Sydney Observation Deck in the heart of Sydney.",09:00-17:00,Sydney,,,
attraction,"Chicago National Gallery","Theme Park",41,"Explore the amazing Chicago National Gallery in the heart of Chicago.",09:00-17:00,Chicago,,,
attraction,"Honolulu Cathedral","Theme Park",52,"Explore the amazing Honolulu Cathedral in the heart of Honolulu.",09:00-17:00,Honolulu,,,
attraction,"Edinburgh National Gallery",Sport,105,"Explore the amazing Edinburgh National Gallery in the heart of Edinburgh.",09:00-17:00,Edinburgh,,,
attraction,"Istanbul Observation Deck",Cultural,198,"Explore the amazing Istanbul Observation Deck in the heart of Istanbul.",09:00-17:00,Istanbul,,,
attraction,"Sydney Botanical Gardens",Cultural,344,"Explore the amazing Sydney Botanical Gardens in the heart of Sydney.",09:00-17:00,Sydney,,,
attraction,"Budapest Aquarium",Shopping,66,"Explore the amazing Budapest Aquarium in the heart of Budapest.",09:00-17:00,Budapest,,,
attraction,"Jakarta Historic Fort",Shopping,220,"Explore the amazing Jakarta Historic Fort in the heart of Jakarta.",09:00-17:00,Jakarta,,,
attraction,"Melbourne Historic Fort",Shopping,109,"Explore the amazing Melbourne Historic Fort in the heart of Melbourne.",09:00-17:00,Melbourne,,,
attraction,"Edinburgh Botanical Gardens",Landmark,296,"Explore the amazing Edinburgh Botanical Gardens in the heart of Edinburgh.",09:00-17:00,Edinburgh,,,
attraction,"Lagos City Zoo",Landmark,218,"Explore the amazing Lagos City Zoo in the heart of Lagos.",09:00-17:00,Lagos,,,
attraction,"Edinburgh Historic Fort",Nature,210,"Explore the amazing Edinburgh Historic Fort in the heart of Edinburgh.",09:00-17:00,Edinburgh,,,
attraction,"Mexico City Observation Deck","Theme Park",79,"Explore the amazing Mexico City Observation Deck in the heart of Mexico City.",09:00-17:00,"Mexico City",,,
attraction,"Lagos Grand Palace",Landmark,490,"Explore the amazing Lagos Grand Palace in the heart of Lagos.",09:00-17:00,Lagos,,,
attraction,"Amsterdam Historic Fort",Nature,488,"Explore the amazing Amsterdam Historic Fort in the heart of Amsterdam.",09:00-17:00,Amsterdam,,,
attraction,"Istanbul Museum of Art",Historical,299,"Explore the amazing Istanbul Museum of Art in the heart of Istanbul.",09:00-17:00,Istanbul,,,
attraction,"Dublin Grand Palace",Museum,256,"Explore the amazing Dublin Grand Palace in the heart of Dublin.",09:00-17:00,Dublin,,,
attraction,"Chicago Aquarium","Theme Park",308,"Explore the amazing Chicago Aquarium in the heart of Chicago.",09:00-17:00,Chicago,,,
attraction,"Vienna Museum of Art",Landmark,140,"Explore the amazing Vienna Museum of Art in the heart of Vienna.",09:00-17:00,Vienna,,,
attraction,"Los Angeles Central Park",Historical,200,"Explore the amazing Los Angeles Central Park in the heart of Los Angeles.",09:00-17:00,"Los Angeles",,,
attraction,"San Francisco Historic Fort",Shopping,253,"Explore the amazing San Francisco Historic Fort in the heart of San Francisco.",09:00-17:00,"San Francisco",,,
attraction,"Rome Museum of Art",Nature,100,"Explore the amazing Rome Museum of Art in the heart of Rome.",09:00-17:00,Rome,,,
attraction,"Shanghai Aquarium",Sport,394,"Explore the amazing Shanghai Aquarium in the heart of Shanghai.",09:00-17:00,Shanghai,,,
attraction,"Chicago Botanical Gardens","Theme Park",73,"Explore the amazing Chicago Botanical Gardens in the heart of Chicago.",09:00-17:00,Chicago,,,
attraction,"Mexico City National Gallery",Museum,226,"Explore the amazing Mexico City National Gallery in the heart of Mexico City.",09:00-17:00,"Mexico City",,,
attraction,"Melbourne Observation Deck",Landmark,70,"Explore the amazing Melbourne Observation Deck in the heart of Melbourne.",09:00-17:00,Melbourne,,,
attraction,"Berlin National Gallery",Museum,437,"Explore the amazing Berlin National Gallery in the heart of Berlin.",09:00-17:00,Berlin,,,
attraction,"Dublin Observation Deck","Theme Park",346,"Explore the amazing Dublin Observation Deck in the heart of Dublin.",09:00-17:00,Dublin,,,
attraction,"Munich Museum of Art","Theme Park",306,"Explore the amazing Munich Museum of Art in the heart of Munich.",09:00-17:00,Munich,,,
attraction,"Vancouver Aquarium",Shopping,264,"Explore the amazing Vancouver Aquarium in the heart of Vancouver.",09:00-17:00,Vancouver,,,
attraction,"Madrid City Zoo",Nature,134,"Explore the amazing Madrid City Zoo in the heart of Madrid.",09:00-17:00,Madrid,,,
attraction,"Paris City Zoo","Theme Park",238,"Explore the amazing Paris City Zoo in the heart of Paris.",09:00-17:00,Paris,,,
attraction,"Kuala Lumpur Museum of Art",Cultural,243,"Explore the amazing Kuala Lumpur Museum of Art in the heart of Kuala Lumpur.",09:00-17:00,"Kuala Lumpur",,,
attraction,"Munich Botanical Gardens",Shopping,121,"Explore the amazing Munich Botanical Gardens in the heart of Munich.",09:00-17:00,Munich,,,
attraction,"Sydney Cathedral",Cultural,375,"Explore the amazing Sydney Cathedral in the heart of Sydney.",09:00-17:00,Sydney,,,
attraction,"Honolulu National Gallery",Sport,105,"Explore the amazing Honolulu National Gallery in the heart of Honolulu.",09:00-17:00,Honolulu,,,
attraction,"Melbourne City Zoo",Landmark,114,"Explore the amazing Melbourne City Zoo in the heart of Melbourne.",09:00-17:00,Melbourne,,,
attraction,"Bogota Aquarium",Shopping,51,"Explore the amazing Bogota Aquarium in the heart of Bogota.",09:00-17:00,Bogota,,,
attraction,"Vienna Observation Deck",Historical,122,"Explore the amazing Vienna Observation Deck in the heart of Vienna.",09:00-17:00,Vienna,,,
attraction,"Amsterdam Cathedral",Landmark,15,"Explore the amazing Amsterdam Cathedral in the heart of Amsterdam.",09:00-17:00,Amsterdam,,,
attraction,"Seoul Botanical Gardens",Sport,299,"Explore the amazing Seoul Botanical Gardens in the heart of Seoul.",09:00-17:00,Seoul,,,
attraction,"Vancouver Cathedral",Museum,216,"Explore the amazing Vancouver Cathedral in the heart of Vancouver.",09:00-17:00,Vancouver,,,
attraction,"Reykjavik Observation Deck","Theme Park",104,"Explore the amazing Reykjavik Observation Deck in the heart of Reykjavik.",09:00-17:00,Reykjavik,,,
attraction,"Nairobi Historic Fort",Sport,208,"Explore the amazing Nairobi Historic Fort in the heart of Nairobi.",09:00-17:00,Nairobi,,,
attraction,"Lagos Cathedral",Cultural,252,"Explore the amazing Lagos Cathedral in the heart of Lagos.",09:00-17:00,Lagos,,,
attraction,"Lima Observation Deck",Historical,433,"Explore the amazing Lima Observation Deck in the heart of Lima.",09:00-17:00,Lima,,,
attraction,"Cape Town Grand Palace",Sport,88,"Explore the amazing Cape Town Grand Palace in the heart of Cape Town.",09:00-17:00,"Cape Town",,,
attraction,"London Museum of Art",Sport,74,"Explore the amazing London Museum of Art in the heart of London.",09:00-17:00,London,,,
attraction,"Toronto Grand Palace","Theme Park",258,"Explore the amazing Toronto Grand Palace in the heart of Toronto.",09:00-17:00,Toronto,,,
attraction,"Barcelona National Gallery",Landmark,416,"Explore the amazing Barcelona National Gallery in the heart of Barcelona.",09:00-17:00,Barcelona,,,
attraction,"Toronto Botanical Gardens",Nature,65,"Explore the amazing Toronto Botanical Gardens in the heart of Toronto.",09:00-17:00,Toronto,,,
attraction,"Istanbul National Gallery",Cultural,69,"Explore the amazing Istanbul National Gallery in the heart of Istanbul.",09:00-17:00,Istanbul,,,
attraction,"Toronto Museum of Art",Historical,125,"Explore the amazing Toronto Museum of Art in the heart of Toronto.",09:00-17:00,Toronto,,,
attraction,"Hong Kong Observation Deck",Sport,175,"Explore the amazing Hong Kong Observation Deck in the heart of Hong Kong.",09:00-17:00,"Hong Kong",,,
attraction,"New Delhi Cathedral",Museum,187,"Explore the amazing New Delhi Cathedral in the heart of New Delhi.",09:00-17:00,"New Delhi",,,
attraction,"Madrid Cathedral",Sport,222,"Explore the amazing Madrid Cathedral in the heart of Madrid.",09:00-17:00,Madrid,,,
attraction,"Rome National Gallery",Historical,408,"Explore the amazing Rome National Gallery in the heart of Rome.",09:00-17:00,Rome,,,
attraction,"Istanbul Historic Fort",Landmark,74,"Explore the amazing Istanbul Historic Fort in the heart of Istanbul.",09:00-17:00,Istanbul,,,
attraction,"Nairobi Observation Deck",Nature,286,"Explore the amazing Nairobi Observation Deck in the heart of Nairobi.",09:00-17:00,Nairobi,,,
attraction,"Miami Museum of Art",Museum,483,"Explore the amazing Miami Museum of Art in the heart of Miami.",09:00-17:00,Miami,,,
attraction,"New York Grand Palace",Historical,462,"Explore the amazing New York Grand Palace in the heart of New York.",09:00-17:00,"New York",,,
attraction,"Athens Grand Palace",Shopping,239,"Explore the amazing Athens Grand Palace in the heart of Athens.",09:00-17:00,Athens,,,
attraction,"Nairobi City Zoo",Nature,180,"Explore the amazing Nairobi City Zoo in the heart of Nairobi.",09:00-17:00,Nairobi,,,
attraction,"Miami City Zoo",Historical,471,"Explore the amazing Miami City Zoo in the heart of Miami.",09:00-17:00,Miami,,,
attraction,"Rome Grand Palace",Sport,437,"Explore the amazing Rome Grand Palace in the heart of Rome.",09:00-17:00,Rome,,,
attraction,"Prague National Gallery",Museum,445,"Explore the amazing Prague National Gallery in the heart of Prague.",09:00-17:00,Prague,,,
attraction,"Sydney Botanical Gardens",Nature,429,"Explore the amazing Sydney Botanical Gardens in the heart of Sydney.",09:00-17:00,Sydney,,,
attraction,"Johannesburg City Zoo",Museum,97,"Explore the amazing Johannesburg City Zoo in the heart of Johannesburg.",09:00-17:00,Johannesburg,,,
attraction,"Buenos Aires Observation Deck","Theme Park",312,"Explore the amazing Buenos Aires Observation Deck in the heart of Buenos Aires.",09:00-17:00,"Buenos Aires",,,
attraction,"Rome Historic Fort",Shopping,206,"Explore the amazing Rome Historic Fort in the heart of Rome.",09:00-17:00,Rome,,,
attraction,"London Cathedral",Shopping,389,"Explore the amazing London Cathedral in the heart of London.",09:00-17:00,London,,,
attraction,"Beijing National Gallery",Cultural,345,"Explore the amazing Beijing National Gallery in the heart of Beijing.",09:00-17:00,Beijing,,,
attraction,"Rio de Janeiro Cathedral",Historical,347,"Explore the amazing Rio de Janeiro Cathedral in the heart of Rio de Janeiro.",09:00-17:00,"Rio de Janeiro",,,
attraction,"Dubai Grand Palace","Theme Park",78,"Explore the amazing Dubai Grand Palace in the heart of Dubai.",09:00-17:00,Dubai,,,
attraction,"Budapest Grand Palace",Landmark,272,"Explore the amazing Budapest Grand Palace in the heart of Budapest.",09:00-17:00,Budapest,,,
attraction,"Madrid City Zoo",Landmark,399,"Explore the amazing Madrid City Zoo in the heart of Madrid.",09:00-17:00,Madrid,,,
attraction,"Mexico City Museum of Art",Sport,224,"Explore the amazing Mexico City Museum of Art in the heart of Mexico City.",09:00-17:00,"Mexico City",,,
attraction,"Istanbul Grand Palace",Sport,396,"Explore the amazing Istanbul Grand Palace in the heart of Istanbul.",09:00-17:00,Istanbul,,,
attraction,"Berlin Central Park",Sport,231,"Explore the amazing Berlin Central Park in the heart of Berlin.",09:00-17:00,Berlin,,,
attraction,"Budapest Botanical Gardens",Shopping,151,"Explore the amazing Budapest Botanical Gardens in the heart of Budapest.",09:00-17:00,Budapest,,,
attraction,"Melbourne Aquarium",Nature,490,"Explore the amazing Melbourne Aquarium in the heart of Melbourne.",09:00-17:00,Melbourne,,,
attraction,"Sydney Cathedral",Historical,167,"Explore the amazing Sydney Cathedral in the heart of Sydney.",09:00-17:00,Sydney,,,
attraction,"Mumbai National Gallery",Museum,219,"Explore the amazing Mumbai National Gallery in the heart of Mumbai.",09:00-17:00,Mumbai,,,
attraction,"New York Cathedral","Theme Park",334,"Explore the amazing New York Cathedral in the heart of New York.",09:00-17:00,"New York",,,
attraction,"Dubai National Gallery",Landmark,242,"Explore the amazing Dubai National Gallery in the heart of Dubai.",09:00-17:00,Dubai,,,
attraction,"Bogota Museum of Art",Museum,339,"Explore the amazing Bogota Museum of Art in the heart of Bogota.",09:00-17:00,Bogota,,,
attraction,"Istanbul Central Park",Museum,436,"Explore the amazing Istanbul Central Park in the heart of Istanbul.",09:00-17:00,Istanbul,,,
attraction,"London Museum of Art",Landmark,143,"Explore the amazing London Museum of Art in the heart of London.",09:00-17:00,London,,,
attraction,"Reykjavik National Gallery",Museum,459,"Explore the amazing Reykjavik National Gallery in the heart of Reykjavik.",09:00-17:00,Reykjavik,,,
attraction,"San Francisco Central Park",Shopping,216,"Explore the amazing San Francisco Central Park in the heart of San Francisco.",09:00-17:00,"San Francisco",,,
attraction,"Sydney Central Park",Sport,136,"Explore the amazing Sydney Central Park in the heart of Sydney.",09:00-17:00,Sydney,,,
attraction,"Lima Cathedral",Historical,112,"Explore the amazing Lima Cathedral in the heart of Lima.",09:00-17:00,Lima,,,
attraction,"Marrakech City Zoo",Sport,176,"Explore the amazing Marrakech City Zoo in the heart of Marrakech.",09:00-17:00,Marrakech,,,
attraction,"Amsterdam Cathedral","Theme Park",467,"Explore the amazing Amsterdam Cathedral in the heart of Amsterdam.",09:00-17:00,Amsterdam,,,
attraction,"Nairobi Central Park",Museum,27,"Explore the amazing Nairobi Central Park in the heart of Nairobi.",09:00-17:00,Nairobi,,,
attraction,"Hong Kong Central Park",Historical,39,"Explore the amazing Hong Kong Central Park in the heart of Hong Kong.",09:00-17:00,"Hong Kong",,,
attraction,"Cape Town Historic Fort",Shopping,102,"Explore the amazing Cape Town Historic Fort in the heart of Cape Town.",09:00-17:00,"Cape Town",,,
attraction,"Lagos Aquarium",Cultural,398,"Explore the amazing Lagos Aquarium in the heart of Lagos.",09:00-17:00,Lagos,,,
attraction,"San Francisco National Gallery",Shopping,25,"Explore the amazing San Francisco National Gallery in the heart of San Francisco.",09:00-17:00,"San Francisco",,,
attraction,"Dubai National Gallery",Museum,95,"Explore the amazing Dubai National Gallery in the heart of Dubai.",09:00-17:00,Dubai,,,
attraction,"Marrakech National Gallery",Cultural,159,"Explore the amazing Marrakech National Gallery in the heart of Marrakech.",09:00-17:00,Marrakech,,,
attraction,"Edinburgh Botanical Gardens",Cultural,82,"Explore the amazing Edinburgh Botanical Gardens in the heart of Edinburgh.",09:00-17:00,Edinburgh,,,
attraction,"Lima Cathedral",Nature,387,"Explore the amazing Lima Cathedral in the heart of Lima.",09:00-17:00,Lima,,,
attraction,"New York Historic Fort",Landmark,10,"Explore the amazing New York Historic Fort in the heart of New York.",09:00-17:00,"New York",,,
attraction,"Budapest Botanical Gardens",Shopping,347,"Explore the amazing Budapest Botanical Gardens in the heart of Budapest.",09:00-17:00,Budapest,,,
attraction,"Cairo Historic Fort",Nature,270,"Explore the amazing Cairo Historic Fort in the heart of Cairo.",09:00-17:00,Cairo,,,
attraction,"Istanbul Museum of Art","Theme Park",207,"Explore the amazing Istanbul Museum of Art in the heart of Istanbul.",09:00-17:00,Istanbul,,,
attraction,"Amsterdam City Zoo",Sport,215,"Explore the amazing Amsterdam City Zoo in the heart of Amsterdam.",09:00-17:00,Amsterdam,,,
attraction,"San Francisco Observation Deck",Historical,416,"Explore the amazing San Francisco Observation Deck in the heart of San Francisco.",09:00-17:00,"San Francisco",,,
attraction,"Edinburgh City Zoo",Cultural,303,"Explore the amazing Edinburgh City Zoo in the heart of Edinburgh.",09:00-17:00,Edinburgh,,,
attraction,"Lima Observation Deck","Theme Park",434,"Explore the amazing Lima Observation Deck in the heart of Lima.",09:00-17:00,Lima,,,
attraction,"Sydney Botanical Gardens",Museum,17,"Explore the amazing Sydney Botanical Gardens in the heart of Sydney.",09:00-17:00,Sydney,,,
attraction,"Amsterdam City Zoo",Sport,274,"Explore the amazing Amsterdam City Zoo in the heart of Amsterdam.",09:00-17:00,Amsterdam,,,
attraction,"Los Angeles Aquarium",Historical,375,"Explore the amazing Los Angeles Aquarium in the heart of Los Angeles.",09:00-17:00,"Los Angeles",,,
attraction,"Seoul Aquarium",Cultural,111,"Explore the amazing Seoul Aquarium in the heart of Seoul.",09:00-17:00,Seoul,,,
attraction,"Shanghai Aquarium",Landmark,104,"Explore the amazing Shanghai Aquarium in the heart of Shanghai.",09:00-17:00,Shanghai,,,
attraction,"Rome National Gallery",Museum,108,"Explore the amazing Rome National Gallery in the heart of Rome.",09:00-17:00,Rome,,,
attraction,"London National Gallery",Historical,183,"Explore the amazing London National Gallery in the heart of London.",09:00-17:00,London,,,
attraction,"New York Cathedral",Nature,37,"Explore the amazing New York Cathedral in the heart of New York.",09:00-17:00,"New York",,,
attraction,"Hong Kong Historic Fort",Cultural,372,"Explore the amazing Hong Kong Historic Fort in the heart of Hong Kong.",09:00-17:00,"Hong Kong",,,
attraction,"Rome Central Park",Landmark,104,"Explore the amazing Rome Central Park in the heart of Rome.",09:00-17:00,Rome,,,
attraction,"Istanbul Observation Deck",Shopping,184,"Explore the amazing Istanbul Observation Deck in the heart of Istanbul.",09:00-17:00,Istanbul,,,
attraction,"Amsterdam Central Park",Sport,280,"Explore the amazing Amsterdam Central Park in the heart of Amsterdam.",09:00-17:00,Amsterdam,,,
attraction,"Melbourne Grand Palace",Museum,190,"Explore the amazing Melbourne Grand Palace in the heart of Melbourne.",09:00-17:00,Melbourne,,,
attraction,"Chicago Botanical Gardens",Shopping,214,"Explore the amazing Chicago Botanical Gardens in the heart of Chicago.",09:00-17:00,Chicago,,,
attraction,"Miami Central Park",Shopping,138,"Explore the amazing Miami Central Park in the heart of Miami.",09:00-17:00,Miami,,,
attraction,"Singapore Aquarium",Sport,357,"Explore the amazing Singapore Aquarium in the heart of Singapore.",09:00-17:00,Singapore,,,
attraction,"Dubai Cathedral",Historical,331,"Explore the amazing Dubai Cathedral in the heart of Dubai.",09:00-17:00,Dubai,,,
attraction,"Vancouver City Zoo",Historical,42,"Explore the amazing Vancouver City Zoo in the heart of Vancouver.",09:00-17:00,Vancouver,,,
attraction,"Cairo Botanical Gardens",Sport,393,"Explore the amazing Cairo Botanical Gardens in the heart of Cairo.",09:00-17:00,Cairo,,,
attraction,"Athens City Zoo","Theme Park",265,"Explore the amazing Athens City Zoo in the heart of Athens.",09:00-17:00,Athens,,,
attraction,"Miami Historic Fort",Sport,203,"Explore the amazing Miami Historic Fort in the heart of Miami.",09:00-17:00,Miami,,,
attraction,"Nairobi National Gallery",Landmark,143,"Explore the amazing Nairobi National Gallery in the heart of Nairobi.",09:00-17:00,Nairobi,,,
attraction,"Shanghai Historic Fort",Landmark,253,"Explore the amazing Shanghai Historic Fort in the heart of Shanghai.",09:00-17:00,Shanghai,,,
attraction,"Budapest City Zoo",Historical,130,"Explore the amazing Budapest City Zoo in the heart of Budapest.",09:00-17:00,Budapest,,,
attraction,"Hong Kong Grand Palace",Historical,42,"Explore the amazing Hong Kong Grand Palace in the heart of Hong Kong.",09:00-17:00,"Hong Kong",,,
attraction,"Hong Kong Cathedral",Historical,435,"Explore the amazing Hong Kong Cathedral in the heart of Hong Kong.",09:00-17:00,"Hong Kong",,,
attraction,"Shanghai Museum of Art",Landmark,403,"Explore the amazing Shanghai Museum of Art in the heart of Shanghai.",09:00-17:00,Shanghai,,,
attraction,"Toronto Cathedral",Shopping,270,"Explore the amazing Toronto Cathedral in the heart of Toronto.",09:00-17:00,Toronto,,,
attraction,"Seoul National Gallery",Nature,305,"Explore the amazing Seoul National Gallery in the heart of Seoul.",09:00-17:00,Seoul,,,
attraction,"Nairobi Botanical Gardens",Sport,244,"Explore the amazing Nairobi Botanical Gardens in the heart of Nairobi.",09:00-17:00,Nairobi,,,
attraction,"Bogota Cathedral",Cultural,42,"Explore the amazing Bogota Cathedral in the heart of Bogota.",09:00-17:00,Bogota,,,
attraction,"Vancouver Museum of Art","Theme Park",357,"Explore the amazing Vancouver Museum of Art in the heart of Vancouver.",09:00-17:00,Vancouver,,,
attraction,"Budapest Central Park",Cultural,494,"Explore the amazing Budapest Central Park in the heart of Budapest.",09:00-17:00,Budapest,,,
attraction,"Barcelona National Gallery","Theme Park",491,"Explore the amazing Barcelona National Gallery in the heart of Barcelona.",09:00-17:00,Barcelona,,,
attraction,"Mexico City Botanical Gardens",Historical,331,"Explore the amazing Mexico City Botanical Gardens in the heart of Mexico City.",09:00-17:00,"Mexico City",,,
attraction,"Cape Town National Gallery",Cultural,428,"Explore the amazing Cape Town National Gallery in the heart of Cape Town.",09:00-17:00,"Cape Town",,,
attraction,"Nairobi Cathedral",Cultural,464,"Explore the amazing Nairobi Cathedral in the heart of Nairobi.",09:00-17:00,Nairobi,,,
attraction,"Johannesburg Botanical Gardens",Sport,109,"Explore the amazing Johannesburg Botanical Gardens in the heart of Johannesburg.",09:00-17:00,Johannesburg,,,
attraction,"Hong Kong City Zoo","Theme Park",147,"Explore the amazing Hong Kong City Zoo in the heart of Hong Kong.",09:00-17:00,"Hong Kong",,,
attraction,"Mumbai Historic Fort",Historical,424,"Explore the amazing Mumbai Historic Fort in the heart of Mumbai.",09:00-17:00,Mumbai,,,
attraction,"New Delhi Aquarium",Cultural,190,"Explore the amazing New Delhi Aquarium in the heart of New Delhi.",09:00-17:00,"New Delhi",,,
attraction,"Reykjavik Museum of Art",Museum,64,"Explore the amazing Reykjavik Museum of Art in the heart of Reykjavik.",09:00-17:00,Reykjavik,,,
attraction,"Chicago Historic Fort",Nature,349,"Explore the amazing Chicago Historic Fort in the heart of Chicago.",09:00-17:00,Chicago,,,
attraction,"Kuala Lumpur National Gallery",Shopping,25,"Explore the amazing Kuala Lumpur National Gallery in the heart of Kuala Lumpur.",09:00-17:00,"Kuala Lumpur",,,
attraction,"Singapore Historic Fort",Cultural,111,"Explore the amazing Singapore Historic Fort in the heart of Singapore.",09:00-17:00,Singapore,,,
attraction,"Rio de Janeiro National Gallery","Theme Park",157,"Explore the amazing Rio de Janeiro National Gallery in the heart of Rio de Janeiro.",09:00-17:00,"Rio de Janeiro",,,
attraction,"Cape Town Observation Deck",Museum,436,"Explore the amazing Cape Town Observation Deck in the heart of Cape Town.",09:00-17:00,"Cape Town",,,
attraction,"Honolulu Historic Fort","Theme Park",3,"Explore the amazing Honolulu Historic Fort in the heart of Honolulu.",09:00-17:00,Honolulu,,,
attraction,"Munich City Zoo",Historical,331,"Explore the amazing Munich City Zoo in the heart of Munich.",09:00-17:00,Munich,,,
attraction,"Munich Botanical Gardens",Museum,383,"Explore the amazing Munich Botanical Gardens in the heart of Munich.",09:00-17:00,Munich,,,
attraction,"Cape Town Cathedral",Historical,356,"Explore the amazing Cape Town Cathedral in the heart of Cape Town.",09:00-17:00,"Cape Town",,,
attraction,"Johannesburg Botanical Gardens",Sport,49,"Explore the amazing Johannesburg Botanical Gardens in the heart of Johannesburg.",09:00-17:00,Johannesburg,,,
attraction,"Melbourne Cathedral",Shopping,237,"Explore the amazing Melbourne Cathedral in the heart of Melbourne.",09:00-17:00,Melbourne,,,
attraction,"Tokyo Historic Fort",Museum,170,"Explore the amazing Tokyo Historic Fort in the heart of Tokyo.",09:00-17:00,Tokyo,,,
attraction,"Vancouver City Zoo",Historical,258,"Explore the amazing Vancouver City Zoo in the heart of Vancouver.",09:00-17:00,Vancouver,,,
attraction,"Miami Museum of Art",Cultural,362,"Explore the amazing Miami Museum of Art in the heart of Miami.",09:00-17:00,Miami,,,
attraction,"Honolulu Museum of Art",Museum,28,"Explore the amazing Honolulu Museum of Art in the heart of Honolulu.",09:00-17:00,Honolulu,,,
attraction,"Munich Aquarium",Landmark,186,"Explore the amazing Munich Aquarium in the heart of Munich.",09:00-17:00,Munich,,,
attraction,"Edinburgh City Zoo",Cultural,308,"Explore the amazing Edinburgh City Zoo in the heart of Edinburgh.",09:00-17:00,Edinburgh,,,
attraction,"Athens Central Park",Landmark,379,"Explore the amazing Athens Central Park in the heart of Athens.",09:00-17:00,Athens,,,
attraction,"Athens City Zoo","Theme Park",204,"Explore the amazing Athens City Zoo in the heart of Athens.",09:00-17:00,Athens,,,
attraction,"Miami City Zoo",Nature,470,"Explore the amazing Miami City Zoo in the heart of Miami.",09:00-17:00,Miami,,,
attraction,"Athens Cathedral",Shopping,341,"Explore the amazing Athens Cathedral in the heart of Athens.",09:00-17:00,Athens,,,
attraction,"Barcelona Central Park",Historical,354,"Explore the amazing Barcelona Central Park in the heart of Barcelona.",09:00-17:00,Barcelona,,,
attraction,"Edinburgh Cathedral",Museum,127,"Explore the amazing Edinburgh Cathedral in the heart of Edinburgh.",09:00-17:00,Edinburgh,,,
attraction,"Reykjavik Cathedral",Nature,362,"Explore the amazing Reykjavik Cathedral in the heart of Reykjavik.",09:00-17:00,Reykjavik,,,
attraction,"New Delhi City Zoo",Sport,459,"Explore the amazing New Delhi City Zoo in the heart of New Delhi.",09:00-17:00,"New Delhi",,,
attraction,"Bangkok Central Park",Landmark,68,"Explore the amazing Bangkok Central Park in the heart of Bangkok.",09:00-17:00,Bangkok,,,
attraction,"San Francisco Aquarium",Shopping,118,"Explore the amazing San Francisco Aquarium in the heart of San Francisco.",09:00-17:00,"San Francisco",,,
attraction,"Barcelona Historic Fort",Nature,308,"Explore the amazing Barcelona Historic Fort in the heart of Barcelona.",09:00-17:00,Barcelona,,,
attraction,"Prague City Zoo",Landmark,342,"Explore the amazing Prague City Zoo in the heart of Prague.",09:00-17:00,Prague,,,
attraction,"Chicago Central Park",Museum,106,"Explore the amazing Chicago Central Park in the heart of Chicago.",09:00-17:00,Chicago,,,
attraction,"Mumbai Observation Deck",Shopping,424,"Explore the amazing Mumbai Observation Deck in the heart of Mumbai.",09:00-17:00,Mumbai,,,
attraction,"Chicago Central Park",Landmark,74,"Explore the amazing Chicago Central Park in the heart of Chicago.",09:00-17:00,Chicago,,,
attraction,"Vancouver Grand Palace",Nature,301,"Explore the amazing Vancouver Grand Palace in the heart of Vancouver.",09:00-17:00,Vancouver,,,
attraction,"Cape Town National Gallery",Museum,369,"Explore the amazing Cape Town National Gallery in the heart of Cape Town.",09:00-17:00,"Cape Town",,,
attraction,"Lagos Museum of Art",Historical,223,"Explore the amazing Lagos Museum of Art in the heart of Lagos.",09:00-17:00,Lagos,,,
attraction,"Shanghai Observation Deck",Cultural,154,"Explore the amazing Shanghai Observation Deck in the heart of Shanghai.",09:00-17:00,Shanghai,,,
attraction,"Seoul Observation Deck",Historical,280,"Explore the amazing Seoul Observation Deck in the heart of Seoul.",09:00-17:00,Seoul,,,
attraction,"Beijing Cathedral",Museum,107,"Explore the amazing Beijing Cathedral in the heart of Beijing.",09:00-17:00,Beijing,,,
attraction,"Athens Museum of Art",Nature,447,"Explore the amazing Athens Museum of Art in the heart of Athens.",09:00-17:00,Athens,,,
attraction,"Berlin Grand Palace","Theme Park",89,"Explore the amazing Berlin Grand Palace in the heart of Berlin.",09:00-17:00,Berlin,,,
attraction,"Auckland Aquarium",Museum,486,"Explore the amazing Auckland Aquarium in the heart of Auckland.",09:00-17:00,Auckland,,,
attraction,"Shanghai City Zoo",Museum,148,"Explore the amazing Shanghai City Zoo in the heart of Shanghai.",09:00-17:00,Shanghai,,,
attraction,"Rio de Janeiro Historic Fort",Nature,81,"Explore the amazing Rio de Janeiro Historic Fort in the heart of Rio de Janeiro.",09:00-17:00,"Rio de Janeiro",,,
attraction,"Hong Kong Central Park",Nature,0,"Explore the amazing Hong Kong Central Park in the heart of Hong Kong.",09:00-17:00,"Hong Kong",,,
attraction,"New Delhi Central Park","Theme Park",393,"Explore the amazing New Delhi Central Park in the heart of New Delhi.",09:00-17:00,"New Delhi",,,
attraction,"Singapore Central Park","Theme Park",321,"Explore the amazing Singapore Central Park in the heart of Singapore.",09:00-17:00,Singapore,,,
attraction,"Cairo Botanical Gardens",Landmark,440,"Explore the amazing Cairo Botanical Gardens in the heart of Cairo.",09:00-17:00,Cairo,,,
attraction,"Bangkok Central Park",Sport,103,"Explore the amazing Bangkok Central Park in the heart of Bangkok.",09:00-17:00,Bangkok,,,
attraction,"Vancouver Museum of Art",Museum,273,"Explore the amazing Vancouver Museum of Art in the heart of Vancouver.",09:00-17:00,Vancouver,,,
attraction,"Tokyo Museum of Art",Museum,19,"Explore the amazing Tokyo Museum of Art in the heart of Tokyo.",09:00-17:00,Tokyo,,,
attraction,"Vancouver Aquarium",Historical,224,"Explore the amazing Vancouver Aquarium in the heart of Vancouver.",09:00-17:00,Vancouver,,,
attraction,"Bogota City Zoo",Landmark,337,"Explore the amazing Bogota City Zoo in the heart of Bogota.",09:00-17:00,Bogota,,,
attraction,"Istanbul Cathedral",Shopping,252,"Explore the amazing Istanbul Cathedral in the heart of Istanbul.",09:00-17:00,Istanbul,,,
attraction,"Los Angeles Grand Palace",Sport,226,"Explore the amazing Los Angeles Grand Palace in the heart of Los Angeles.",09:00-17:00,"Los Angeles",,,
attraction,"Lima Botanical Gardens",Museum,111,"Explore the amazing Lima Botanical Gardens in the heart of Lima.",09:00-17:00,Lima,,,
attraction,"Athens Grand Palace",Shopping,297,"Explore the amazing Athens Grand Palace in the heart of Athens.",09:00-17:00,Athens,,,
attraction,"Barcelona City Zoo",Landmark,424,"Explore the amazing Barcelona City Zoo in the heart of Barcelona.",09:00-17:00,Barcelona,,,
attraction,"Amsterdam Aquarium",Museum,62,"Explore the amazing Amsterdam Aquarium in the heart of Amsterdam.",09:00-17:00,Amsterdam,,,
attraction,"Vancouver Museum of Art",Landmark,176,"Explore the amazing Vancouver Museum of Art in the heart of Vancouver.",09:00-17:00,Vancouver,,,
attraction,"Seoul Grand Palace",Cultural,132,"Explore the amazing Seoul Grand Palace in the heart of Seoul.",09:00-17:00,Seoul,,,
attraction,"San Francisco Botanical Gardens","Theme Park",199,"Explore the amazing San Francisco Botanical Gardens in the heart of San Francisco.",09:00-17:00,"San Francisco",,,
attraction,"Amsterdam Historic Fort",Landmark,49,"Explore the amazing Amsterdam Historic Fort in the heart of Amsterdam.",09:00-17:00,Amsterdam,,,
attraction,"Toronto City Zoo",Landmark,292,"Explore the amazing Toronto City Zoo in the heart of Toronto.",09:00-17:00,Toronto,,,
attraction,"Dubai Cathedral",Historical,435,"Explore the amazing Dubai Cathedral in the heart of Dubai.",09:00-17:00,Dubai,,,
attraction,"Bogota Botanical Gardens",Cultural,88,"Explore the amazing Bogota Botanical Gardens in the heart of Bogota.",09:00-17:00,Bogota,,,
attraction,"Johannesburg Aquarium",Shopping,206,"Explore the amazing Johannesburg Aquarium in the heart of Johannesburg.",09:00-17:00,Johannesburg,,,
attraction,"Munich Museum of Art",Shopping,250,"Explore the amazing Munich Museum of Art in the heart of Munich.",09:00-17:00,Munich,,,
attraction,"New Delhi Central Park","Theme Park",415,"Explore the amazing New Delhi Central Park in the heart of New Delhi.",09:00-17:00,"New Delhi",,,
attraction,"Vancouver Botanical Gardens",Landmark,282,"Explore the amazing Vancouver Botanical Gardens in the heart of Vancouver.",09:00-17:00,Vancouver,,,
attraction,"Singapore Observation Deck",Sport,37,"Explore the amazing Singapore Observation Deck in the heart of Singapore.",09:00-17:00,Singapore,,,
attraction,"Buenos Aires City Zoo",Landmark,326,"Explore the amazing Buenos Aires City Zoo in the heart of Buenos Aires.",09:00-17:00,"Buenos Aires",,,
attraction,"Vienna Museum of Art",Historical,446,"Explore the amazing Vienna Museum of Art in the heart of Vienna.",09:00-17:00,Vienna,,,
attraction,"Shanghai Central Park",Landmark,7,"Explore the amazing Shanghai Central Park in the heart of Shanghai.",09:00-17:00,Shanghai,,,
attraction,"Rio de Janeiro Central Park",Nature,475,"Explore the amazing Rio de Janeiro Central Park in the heart of Rio de Janeiro.",09:00-17:00,"Rio de Janeiro",,,
attraction,"Budapest Grand Palace",Landmark,210,"Explore the amazing Budapest Grand Palace in the heart of Budapest.",09:00-17:00,Budapest,,,
attraction,"Madrid Cathedral",Cultural,490,"Explore the amazing Madrid Cathedral in the heart of Madrid.",09:00-17:00,Madrid,,,
attraction,"London Historic Fort",Sport,296,"Explore the amazing London Historic Fort in the heart of London.",09:00-17:00,London,,,
attraction,"Los Angeles City Zoo",Historical,378,"Explore the amazing Los Angeles City Zoo in the heart of Los Angeles.",09:00-17:00,"Los Angeles",,,
attraction,"Paris Observation Deck",Cultural,458,"Explore the amazing Paris Observation Deck in the heart of Paris.",09:00-17:00,Paris,,,
attraction,"Lagos City Zoo",Museum,274,"Explore the amazing Lagos City Zoo in the heart of Lagos.",09:00-17:00,Lagos,,,
attraction,"Dubai Botanical Gardens",Museum,179,"Explore the amazing Dubai Botanical Gardens in the heart of Dubai.",09:00-17:00,Dubai,,,
attraction,"Lagos Aquarium",Nature,243,"Explore the amazing Lagos Aquarium in the heart of Lagos.",09:00-17:00,Lagos,,,
attraction,"Reykjavik Central Park",Historical,167,"Explore the amazing Reykjavik Central Park in the heart of Reykjavik.",09:00-17:00,Reykjavik,,,
attraction,"Munich Central Park",Cultural,180,"Explore the amazing Munich Central Park in the heart of Munich.",09:00-17:00,Munich,,,
attraction,"New York Cathedral","Theme Park",475,"Explore the amazing New York Cathedral in the heart of New York.",09:00-17:00,"New York",,,
attraction,"Hong Kong Aquarium",Sport,28,"Explore the amazing Hong Kong Aquarium in the heart of Hong Kong.",09:00-17:00,"Hong Kong",,,
attraction,"Dublin Cathedral",Historical,407,"Explore the amazing Dublin Cathedral in the heart of Dublin.",09:00-17:00,Dublin,,,
attraction,"Mexico City City Zoo",Historical,212,"Explore the amazing Mexico City City Zoo in the heart of Mexico City.",09:00-17:00,"Mexico City",,,
attraction,"New York Central Park",Historical,37,"Explore the amazing New York Central Park in the heart of New York.",09:00-17:00,"New York",,,
attraction,"Miami City Zoo",Nature,489,"Explore the amazing Miami City Zoo in the heart of Miami.",09:00-17:00,Miami,,,
attraction,"Tokyo Historic Fort",Historical,8,"Explore the amazing Tokyo Historic Fort in the heart of Tokyo.",09:00-17:00,Tokyo,,,
attraction,"Vancouver Museum of Art",Historical,483,"Explore the amazing Vancouver Museum of Art in the heart of Vancouver.",09:00-17:00,Vancouver,,,
attraction,"Amsterdam Grand Palace",Sport,298,"Explore the amazing Amsterdam Grand Palace in the heart of Amsterdam.",09:00-17:00,Amsterdam,,,
attraction,"Melbourne Historic Fort",Shopping,165,"Explore the amazing Melbourne Historic Fort in the heart of Melbourne.",09:00-17:00,Melbourne,,,
attraction,"Auckland Museum of Art",Shopping,338,"Explore the amazing Auckland Museum of Art in the heart of Auckland.",09:00-17:00,Auckland,,,
attraction,"Berlin City Zoo","Theme Park",86,"Explore the amazing Berlin City Zoo in the heart of Berlin.",09:00-17:00,Berlin,,,
attraction,"Chicago Cathedral",Cultural,147,"Explore the amazing Chicago Cathedral in the heart of Chicago.",09:00-17:00,Chicago,,,
attraction,"Prague Museum of Art",Museum,316,"Explore the amazing Prague Museum of Art in the heart of Prague.",09:00-17:00,Prague,,,
attraction,"Los Angeles Museum of Art",Cultural,488,"Explore the amazing Los Angeles Museum of Art in the heart of Los Angeles.",09:00-17:00,"Los Angeles",,,
attraction,"Istanbul National Gallery",Nature,33,"Explore the amazing Istanbul National Gallery in the heart of Istanbul.",09:00-17:00,Istanbul,,,
attraction,"Hong Kong City Zoo",Nature,304,"Explore the amazing Hong Kong City Zoo in the heart of Hong Kong.",09:00-17:00,"Hong Kong",,,
attraction,"London Central Park",Landmark,18,"Explore the amazing London Central Park in the heart of London.",09:00-17:00,London,,,
attraction,"Bogota Cathedral",Cultural,420,"Explore the amazing Bogota Cathedral in the heart of Bogota.",09:00-17:00,Bogota,,,
attraction,"Dubai Observation Deck",Cultural,167,"Explore the amazing Dubai Observation Deck in the heart of Dubai.",09:00-17:00,Dubai,,,
attraction,"Vancouver Botanical Gardens",Nature,36,"Explore the amazing Vancouver Botanical Gardens in the heart of Vancouver.",09:00-17:00,Vancouver,,,
attraction,"Rio de Janeiro Historic Fort","Theme Park",74,"Explore the amazing Rio de Janeiro Historic Fort in the heart of Rio de Janeiro.",09:00-17:00,"Rio de Janeiro",,,
attraction,"Kuala Lumpur Historic Fort",Sport,493,"Explore the amazing Kuala Lumpur Historic Fort in the heart of Kuala Lumpur.",09:00-17:00,"Kuala Lumpur",,,
attraction,"Nairobi Central Park","Theme Park",165,"Explore the amazing Nairobi Central Park in the heart of Nairobi.",09:00-17:00,Nairobi,,,
attraction,"Cape Town Observation Deck",Historical,59,"Explore the amazing Cape Town Observation Deck in the heart of Cape Town.",09:00-17:00,"Cape Town",,,
attraction,"Tokyo Central Park",Museum,158,"Explore the amazing Tokyo Central Park in the heart of Tokyo.",09:00-17:00,Tokyo,,,
attraction,"Mumbai Central Park",Cultural,263,"Explore the amazing Mumbai Central Park in the heart of Mumbai.",09:00-17:00,Mumbai,,,
attraction,"Dubai Grand Palace",Shopping,206,"Explore the amazing Dubai Grand Palace in the heart of Dubai.",09:00-17:00,Dubai,,,
attraction,"Miami National Gallery",Historical,54,"Explore the amazing Miami National Gallery in the heart of Miami.",09:00-17:00,Miami,,,
attraction,"Buenos Aires Cathedral",Historical,162,"Explore the amazing Buenos Aires Cathedral in the heart of Buenos Aires.",09:00-17:00,"Buenos Aires",,,
attraction,"Lima Botanical Gardens",Landmark,214,"Explore the amazing Lima Botanical Gardens in the heart of Lima.",09:00-17:00,Lima,,,
attraction,"Mumbai Museum of Art","Theme Park",47,"Explore the amazing Mumbai Museum of Art in the heart of Mumbai.",09:00-17:00,Mumbai,,,
attraction,"Beijing Central Park",Sport,355,"Explore the amazing Beijing Central Park in the heart of Beijing.",09:00-17:00,Beijing,,,
attraction,"Berlin Historic Fort",Cultural,284,"Explore the amazing Berlin Historic Fort in the heart of Berlin.",09:00-17:00,Berlin,,,
attraction,"Miami National Gallery",Sport,186,"Explore the amazing Miami National Gallery in the heart of Miami.",09:00-17:00,Miami,,,
attraction,"Rio de Janeiro Museum of Art",Historical,49,"Explore the amazing Rio de Janeiro Museum of Art in the heart of Rio de Janeiro.",09:00-17:00,"Rio de Janeiro",,,
attraction,"Chicago Cathedral",Museum,256,"Explore the amazing Chicago Cathedral in the heart of Chicago.",09:00-17:00,Chicago,,,
attraction,"Tokyo Historic Fort",Nature,375,"Explore the amazing Tokyo Historic Fort in the heart of Tokyo.",09:00-17:00,Tokyo,,,
attraction,"Buenos Aires Botanical Gardens",Cultural,67,"Explore the amazing Buenos Aires Botanical Gardens in the heart of Buenos Aires.",09:00-17:00,"Buenos Aires",,,
attraction,"Kuala Lumpur Central Park",Landmark,28,"Explore the amazing Kuala Lumpur Central Park in the heart of Kuala Lumpur.",09:00-17:00,"Kuala Lumpur",,,
attraction,"Singapore Historic Fort",Shopping,426,"Explore the amazing Singapore Historic Fort in the heart of Singapore.",09:00-17:00,Singapore,,,
attraction,"Vienna Historic Fort",Landmark,495,"Explore the amazing Vienna Historic Fort in the heart of Vienna.",09:00-17:00,Vienna,,,
attraction,"Bangkok Observation Deck","Theme Park",331,"Explore the amazing Bangkok Observation Deck in the heart of Bangkok.",09:00-17:00,Bangkok,,,
attraction,"Shanghai Museum of Art",Shopping,155,"Explore the amazing Shanghai Museum of Art in the heart of Shanghai.",09:00-17:00,Shanghai,,,
attraction,"Rio de Janeiro Museum of Art",Museum,215,"Explore the amazing Rio de Janeiro Museum of Art in the heart of Rio de Janeiro.",09:00-17:00,"Rio de Janeiro",,,
attraction,"Athens Historic Fort",Shopping,255,"Explore the amazing Athens Historic Fort in the heart of Athens.",09:00-17:00,Athens,,,
attraction,"Miami Central Park",Historical,207,"Explore the amazing Miami Central Park in the heart of Miami.",09:00-17:00,Miami,,,
attraction,"Seoul Aquarium",Sport,213,"Explore the amazing Seoul Aquarium in the heart of Seoul.",09:00-17:00,Seoul,,,
attraction,"Singapore Observation Deck",Landmark,104,"Explore the amazing Singapore Observation Deck in the heart of Singapore.",09:00-17:00,Singapore,,,
attraction,"Berlin Grand Palace",Cultural,357,"Explore the amazing Berlin Grand Palace in the heart of Berlin.",09:00-17:00,Berlin,,,
attraction,"Budapest National Gallery",Shopping,395,"Explore the amazing Budapest National Gallery in the heart of Budapest.",09:00-17:00,Budapest,,,
attraction,"San Francisco Museum of Art",Landmark,389,"Explore the amazing San Francisco Museum of Art in the heart of San Francisco.",09:00-17:00,"San Francisco",,,
attraction,"Dubai Cathedral",Sport,225,"Explore the amazing Dubai Cathedral in the heart of Dubai.",09:00-17:00,Dubai,,,
attraction,"Vienna Museum of Art",Landmark,106,"Explore the amazing Vienna Museum of Art in the heart of Vienna.",09:00-17:00,Vienna,,,
attraction,"Vienna Botanical Gardens",Museum,291,"Explore the amazing Vienna Botanical Gardens in the heart of Vienna.",09:00-17:00,Vienna,,,
attraction,"Budapest Central Park",Sport,292,"Explore the amazing Budapest Central Park in the heart of Budapest.",09:00-17:00,Budapest,,,
attraction,"Cairo City Zoo",Sport,93,"Explore the amazing Cairo City Zoo in the heart of Cairo.",09:00-17:00,Cairo,,,
attraction,"Reykjavik National Gallery",Shopping,43,"Explore the amazing Reykjavik National Gallery in the heart of Reykjavik.",09:00-17:00,Reykjavik,,,
attraction,"Toronto Grand Palace",Cultural,213,"Explore the amazing Toronto Grand Palace in the heart of Toronto.",09:00-17:00,Toronto,,,
attraction,"Marrakech Historic Fort",Landmark,65,"Explore the amazing Marrakech Historic Fort in the heart of Marrakech.",09:00-17:00,Marrakech,,,
attraction,"Seoul National Gallery","Theme Park",426,"Explore the amazing Seoul National Gallery in the heart of Seoul.",09:00-17:00,Seoul,,,
attraction,"Tokyo Botanical Gardens",Landmark,325,"Explore the amazing Tokyo Botanical Gardens in the heart of Tokyo.",09:00-17:00,Tokyo,,,
attraction,"Shanghai Grand Palace",Nature,382,"Explore the amazing Shanghai Grand Palace in the heart of Shanghai.",09:00-17:00,Shanghai,,,
attraction,"Tokyo City Zoo",Nature,213,"Explore the amazing Tokyo City Zoo in the heart of Tokyo.",09:00-17:00,Tokyo,,,
attraction,"Honolulu Aquarium","Theme Park",236,"Explore the amazing Honolulu Aquarium in the heart of Honolulu.",09:00-17:00,Honolulu,,,
attraction,"Singapore Aquarium",Historical,140,"Explore the amazing Singapore Aquarium in the heart of Singapore.",09:00-17:00,Singapore,,,
attraction,"Buenos Aires Aquarium",Sport,252,"Explore the amazing Buenos Aires Aquarium in the heart of Buenos Aires.",09:00-17:00,"Buenos Aires",,,
attraction,"Miami Historic Fort",Sport,198,"Explore the amazing Miami Historic Fort in the heart of Miami.",09:00-17:00,Miami,,,
attraction,"Miami National Gallery","Theme Park",180,"Explore the amazing Miami National Gallery in the heart of Miami.",09:00-17:00,Miami,,,
attraction,"London Grand Palace","Theme Park",282,"Explore the amazing London Grand Palace in the heart of London.",09:00-17:00,London,,,
attraction,"Los Angeles Historic Fort",Shopping,249,"Explore the amazing Los Angeles Historic Fort in the heart of Los Angeles.",09:00-17:00,"Los Angeles",,,
attraction,"Jakarta Central Park",Shopping,493,"Explore the amazing Jakarta Central Park in the heart of Jakarta.",09:00-17:00,Jakarta,,,
attraction,"Johannesburg National Gallery",Shopping,52,"Explore the amazing Johannesburg National Gallery in the heart of Johannesburg.",09:00-17:00,Johannesburg,,,
attraction,"Mexico City National Gallery",Museum,178,"Explore the amazing Mexico City National Gallery in the heart of Mexico City.",09:00-17:00,"Mexico City",,,
attraction,"Vancouver Historic Fort",Landmark,143,"Explore the amazing Vancouver Historic Fort in the heart of Vancouver.",09:00-17:00,Vancouver,,,
attraction,"Beijing City Zoo",Historical,434,"Explore the amazing Beijing City Zoo in the heart of Beijing.",09:00-17:00,Beijing,,,
attraction,"Reykjavik Observation Deck",Cultural,199,"Explore the amazing Reykjavik Observation Deck in the heart of Reykjavik.",09:00-17:00,Reykjavik,,,
attraction,"Shanghai Cathedral",Nature,296,"Explore the amazing Shanghai Cathedral in the heart of Shanghai.",09:00-17:00,Shanghai,,,
attraction,"Vancouver Cathedral",Landmark,366,"Explore the amazing Vancouver Cathedral in the heart of Vancouver.",09:00-17:00,Vancouver,,,
attraction,"Berlin Observation Deck",Sport,179,"Explore the amazing Berlin Observation Deck in the heart of Berlin.",09:00-17:00,Berlin,,,
attraction,"Toronto Grand Palace",Landmark,84,"Explore the amazing Toronto Grand Palace in the heart of Toronto.",09:00-17:00,Toronto,,,
attraction,"Madrid Observation Deck",Cultural,214,"Explore the amazing Madrid Observation Deck in the heart of Madrid.",09:00-17:00,Madrid,,,
attraction,"Nairobi Historic Fort","Theme Park",2,"Explore the amazing Nairobi Historic Fort in the heart of Nairobi.",09:00-17:00,Nairobi,,,
attraction,"Johannesburg Aquarium",Landmark,15,"Explore the amazing Johannesburg Aquarium in the heart of Johannesburg.",09:00-17:00,Johannesburg,,,
attraction,"Kuala Lumpur Botanical Gardens",Nature,80,"Explore the amazing Kuala Lumpur Botanical Gardens in the heart of Kuala Lumpur.",09:00-17:00,"Kuala Lumpur",,,
attraction,"Melbourne City Zoo",Landmark,496,"Explore the amazing Melbourne City Zoo in the heart of Melbourne.",09:00-17:00,Melbourne,,,
attraction,"Johannesburg City Zoo",Sport,263,"Explore the amazing Johannesburg City Zoo in the heart of Johannesburg.",09:00-17:00,Johannesburg,,,
attraction,"Cairo City Zoo",Cultural,456,"Explore the amazing Cairo City Zoo in the heart of Cairo.",09:00-17:00,Cairo,,,
attraction,"New Delhi Botanical Gardens","Theme Park",154,"Explore the amazing New Delhi Botanical Gardens in the heart of New Delhi.",09:00-17:00,"New Delhi",,,
attraction,"Los Angeles Central Park",Shopping,308,"Explore the amazing Los Angeles Central Park in the heart of Los Angeles.",09:00-17:00,"Los Angeles",,,
attraction,"Bangkok National Gallery",Cultural,346,"Explore the amazing Bangkok National Gallery in the heart of Bangkok.",09:00-17:00,Bangkok,,,
attraction,"Vancouver Grand Palace",Shopping,458,"Explore the amazing Vancouver Grand Palace in the heart of Vancouver.",09:00-17:00,Vancouver,,,
attraction,"Amsterdam Aquarium",Nature,380,"Explore the amazing Amsterdam Aquarium in the heart of Amsterdam.",09:00-17:00,Amsterdam,,,
attraction,"Rome Central Park",Sport,216,"Explore the amazing Rome Central Park in the heart of Rome.",09:00-17:00,Rome,,,
attraction,"Kuala Lumpur Aquarium",Museum,115,"Explore the amazing Kuala Lumpur Aquarium in the heart of Kuala Lumpur.",09:00-17:00,"Kuala Lumpur",,,
attraction,"Rio de Janeiro Historic Fort",Cultural,203,"Explore the amazing Rio de Janeiro Historic Fort in the heart of Rio de Janeiro.",09:00-17:00,"Rio de Janeiro",,,
attraction,"Miami Observation Deck",Sport,450,"Explore the amazing Miami Observation Deck in the heart of Miami.",09:00-17:00,Miami,,,
attraction,"Nairobi Observation Deck","Theme Park",14,"Explore the amazing Nairobi Observation Deck in the heart of Nairobi.",09:00-17:00,Nairobi,,,
attraction,"Seoul National Gallery",Historical,122,"Explore the amazing Seoul National Gallery in the heart of Seoul.",09:00-17:00,Seoul,,,
attraction,"New York National Gallery",Sport,320,"Explore the amazing New York National Gallery in the heart of New York.",09:00-17:00,"New York",,,
attraction,"Toronto City Zoo",Cultural,340,"Explore the amazing Toronto City Zoo in the heart of Toronto.",09:00-17:00,Toronto,,,
attraction,"Paris Botanical Gardens",Sport,189,"Explore the amazing Paris Botanical Gardens in the heart of Paris.",09:00-17:00,Paris,,,
attraction,"Nairobi Aquarium",Sport,84,"Explore the amazing Nairobi Aquarium in the heart of Nairobi.",09:00-17:00,Nairobi,,,
attraction,"Barcelona Central Park",Sport,406,"Explore the amazing Barcelona Central Park in the heart of Barcelona.",09:00-17:00,Barcelona,,,
attraction,"Shanghai National Gallery",Museum,47,"Explore the amazing Shanghai National Gallery in the heart of Shanghai.",09:00-17:00,Shanghai,,,
attraction,"Beijing Cathedral",Cultural,208,"Explore the amazing Beijing Cathedral in the heart of Beijing.",09:00-17:00,Beijing,,,
attraction,"Cairo Observation Deck",Historical,109,"Explore the amazing Cairo Observation Deck in the heart of Cairo.",09:00-17:00,Cairo,,,
attraction,"Amsterdam Cathedral",Historical,384,"Explore the amazing Amsterdam Cathedral in the heart of Amsterdam.",09:00-17:00,Amsterdam,,,
attraction,"Paris Cathedral","Theme Park",487,"Explore the amazing Paris Cathedral in the heart of Paris.",09:00-17:00,Paris,,,
attraction,"New York Central Park",Shopping,4,"Explore the amazing New York Central Park in the heart of New York.",09:00-17:00,"New York",,,
attraction,"Tokyo National Gallery",Sport,244,"Explore the amazing Tokyo National Gallery in the heart of Tokyo.",09:00-17:00,Tokyo,,,
attraction,"Jakarta Aquarium",Nature,339,"Explore the amazing Jakarta Aquarium in the heart of Jakarta.",09:00-17:00,Jakarta,,,
attraction,"Amsterdam Aquarium",Shopping,370,"Explore the amazing Amsterdam Aquarium in the heart of Amsterdam.",09:00-17:00,Amsterdam,,,
attraction,"Chicago City Zoo",Sport,166,"Explore the amazing Chicago City Zoo in the heart of Chicago.",09:00-17:00,Chicago,,,
